id,type,src,dst,app,latency,message,ctime,size,buffer
1,LINK,0,3,1,25.002621,M.USER.APP.1,136,2621,0
2,LINK,0,3,1,25.002621,M.USER.APP.1,156,2621,1
1,LINK,3,1,1,20.002621,M.USER.APP.1,161.002621,2621,1
3,LINK,0,3,1,25.002621,M.USER.APP.1,176,2621,2
4,LINK,4,3,1,25.002621,M.USER.APP.1,184,2621,2
2,LINK,3,1,1,20.002621,M.USER.APP.1,186.005242,2621,2
5,LINK,0,3,1,25.002621,M.USER.APP.1,196,2621,3
6,LINK,4,3,1,25.002621,M.USER.APP.1,204,2621,4
4,LINK,3,1,1,20.002621,M.USER.APP.1,209.002621,2621,3
3,LINK,3,1,1,20.002621,M.USER.APP.1,211.00786300000001,2621,3
7,LINK,0,3,1,25.002621,M.USER.APP.1,216,2621,4
8,LINK,4,3,1,25.002621,M.USER.APP.1,224,2621,5
6,LINK,3,1,1,20.002621,M.USER.APP.1,234.005242,2621,4
9,LINK,0,3,1,25.002621,M.USER.APP.1,236,2621,5
5,LINK,3,1,1,20.002621,M.USER.APP.1,236.01048400000002,2621,5
10,LINK,4,3,1,25.002621,M.USER.APP.1,244,2621,6
11,LINK,0,3,1,25.002621,M.USER.APP.1,256,2621,6
8,LINK,3,1,1,20.002621,M.USER.APP.1,259.00786300000004,2621,6
7,LINK,3,1,1,20.002621,M.USER.APP.1,261.013105,2621,6
12,LINK,4,3,1,25.002621,M.USER.APP.1,264,2621,7
13,LINK,0,3,1,25.002621,M.USER.APP.1,276,2621,7
14,LINK,4,3,1,25.002621,M.USER.APP.1,284,2621,8
10,LINK,3,1,1,20.002621,M.USER.APP.1,284.010484,2621,8
9,LINK,3,1,1,20.002621,M.USER.APP.1,286.015726,2621,8
15,LINK,0,3,1,25.002621,M.USER.APP.1,296,2621,8
16,LINK,4,3,1,25.002621,M.USER.APP.1,304,2621,9
12,LINK,3,1,1,20.002621,M.USER.APP.1,309.013105,2621,9
11,LINK,3,1,1,20.002621,M.USER.APP.1,311.01834699999995,2621,8
17,LINK,0,3,1,25.002621,M.USER.APP.1,316,2621,9
18,LINK,4,3,1,25.002621,M.USER.APP.1,324,2621,10
14,LINK,3,1,1,20.002621,M.USER.APP.1,334.015726,2621,9
19,LINK,0,3,1,25.002621,M.USER.APP.1,336,2621,10
13,LINK,3,1,1,20.002621,M.USER.APP.1,336.0209679999999,2621,10
20,LINK,4,3,1,25.002621,M.USER.APP.1,344,2621,11
21,LINK,0,3,1,25.002621,M.USER.APP.1,356,2621,11
16,LINK,3,1,1,20.002621,M.USER.APP.1,359.01834699999995,2621,11
15,LINK,3,1,1,20.002621,M.USER.APP.1,361.0235889999999,2621,11
22,LINK,4,3,1,25.002621,M.USER.APP.1,364,2621,12
23,LINK,0,3,1,25.002621,M.USER.APP.1,376,2621,12
24,LINK,4,3,1,25.002621,M.USER.APP.1,384,2621,13
18,LINK,3,1,1,20.002621,M.USER.APP.1,384.0209679999999,2621,13
17,LINK,3,1,1,20.002621,M.USER.APP.1,386.0262099999999,2621,13
25,LINK,0,3,1,25.002621,M.USER.APP.1,396,2621,13
26,LINK,4,3,1,25.002621,M.USER.APP.1,404,2621,14
20,LINK,3,1,1,20.002621,M.USER.APP.1,409.0235889999999,2621,14
19,LINK,3,1,1,20.002621,M.USER.APP.1,411.02883099999985,2621,13
27,LINK,0,3,1,25.002621,M.USER.APP.1,416,2621,14
28,LINK,4,3,1,25.002621,M.USER.APP.1,424,2621,15
22,LINK,3,1,1,20.002621,M.USER.APP.1,434.0262099999999,2621,14
29,LINK,0,3,1,25.002621,M.USER.APP.1,436,2621,15
21,LINK,3,1,1,20.002621,M.USER.APP.1,436.03145199999983,2621,15
30,LINK,4,3,1,25.002621,M.USER.APP.1,444,2621,16
31,LINK,0,3,1,25.002621,M.USER.APP.1,456,2621,16
24,LINK,3,1,1,20.002621,M.USER.APP.1,459.02883099999985,2621,16
23,LINK,3,1,1,20.002621,M.USER.APP.1,461.0340729999998,2621,16
32,LINK,4,3,1,25.002621,M.USER.APP.1,464,2621,17
33,LINK,0,3,1,25.002621,M.USER.APP.1,476,2621,17
34,LINK,4,3,1,25.002621,M.USER.APP.1,484,2621,18
26,LINK,3,1,1,20.002621,M.USER.APP.1,484.03145199999983,2621,18
25,LINK,3,1,1,20.002621,M.USER.APP.1,486.0366939999998,2621,18
35,LINK,0,3,1,25.002621,M.USER.APP.1,496,2621,18
36,LINK,4,3,1,25.002621,M.USER.APP.1,504,2621,19
28,LINK,3,1,1,20.002621,M.USER.APP.1,509.0340729999998,2621,19
27,LINK,3,1,1,20.002621,M.USER.APP.1,511.03931499999976,2621,18
37,LINK,0,3,1,25.002621,M.USER.APP.1,516,2621,19
38,LINK,4,3,1,25.002621,M.USER.APP.1,524,2621,20
30,LINK,3,1,1,20.002621,M.USER.APP.1,534.0366939999998,2621,19
39,LINK,0,3,1,25.002621,M.USER.APP.1,536,2621,20
29,LINK,3,1,1,20.002621,M.USER.APP.1,536.0419359999997,2621,20
40,LINK,4,3,1,25.002621,M.USER.APP.1,544,2621,21
41,LINK,0,3,1,25.002621,M.USER.APP.1,556,2621,21
32,LINK,3,1,1,20.002621,M.USER.APP.1,559.0393149999998,2621,21
31,LINK,3,1,1,20.002621,M.USER.APP.1,561.0445569999997,2621,21
42,LINK,4,3,1,25.002621,M.USER.APP.1,564,2621,22
43,LINK,0,3,1,25.002621,M.USER.APP.1,576,2621,22
44,LINK,4,3,1,25.002621,M.USER.APP.1,584,2621,23
34,LINK,3,1,1,20.002621,M.USER.APP.1,584.0419359999997,2621,23
33,LINK,3,1,1,20.002621,M.USER.APP.1,586.0471779999997,2621,23
45,LINK,0,3,1,25.002621,M.USER.APP.1,596,2621,23
46,LINK,4,3,1,25.002621,M.USER.APP.1,604,2621,24
36,LINK,3,1,1,20.002621,M.USER.APP.1,609.0445569999997,2621,24
35,LINK,3,1,1,20.002621,M.USER.APP.1,611.0497989999997,2621,23
47,LINK,0,3,1,25.002621,M.USER.APP.1,616,2621,24
48,LINK,4,3,1,25.002621,M.USER.APP.1,624,2621,25
38,LINK,3,1,1,20.002621,M.USER.APP.1,634.0471779999997,2621,24
49,LINK,0,3,1,25.002621,M.USER.APP.1,636,2621,25
37,LINK,3,1,1,20.002621,M.USER.APP.1,636.0524199999996,2621,25
50,LINK,4,3,1,25.002621,M.USER.APP.1,644,2621,26
51,LINK,0,3,1,25.002621,M.USER.APP.1,656,2621,26
40,LINK,3,1,1,20.002621,M.USER.APP.1,659.0497989999997,2621,26
39,LINK,3,1,1,20.002621,M.USER.APP.1,661.0550409999996,2621,26
52,LINK,4,3,1,25.002621,M.USER.APP.1,664,2621,27
53,LINK,0,3,1,25.002621,M.USER.APP.1,676,2621,27
54,LINK,4,3,1,25.002621,M.USER.APP.1,684,2621,28
42,LINK,3,1,1,20.002621,M.USER.APP.1,684.0524199999996,2621,28
41,LINK,3,1,1,20.002621,M.USER.APP.1,686.0576619999996,2621,28
55,LINK,0,3,1,25.002621,M.USER.APP.1,696,2621,28
56,LINK,4,3,1,25.002621,M.USER.APP.1,704,2621,29
44,LINK,3,1,1,20.002621,M.USER.APP.1,709.0550409999996,2621,29
43,LINK,3,1,1,20.002621,M.USER.APP.1,711.0602829999996,2621,28
57,LINK,0,3,1,25.002621,M.USER.APP.1,716,2621,29
58,LINK,4,3,1,25.002621,M.USER.APP.1,724,2621,30
46,LINK,3,1,1,20.002621,M.USER.APP.1,734.0576619999996,2621,29
59,LINK,0,3,1,25.002621,M.USER.APP.1,736,2621,30
45,LINK,3,1,1,20.002621,M.USER.APP.1,736.0629039999995,2621,30
60,LINK,4,3,1,25.002621,M.USER.APP.1,744,2621,31
61,LINK,0,3,1,25.002621,M.USER.APP.1,756,2621,31
48,LINK,3,1,1,20.002621,M.USER.APP.1,759.0602829999996,2621,31
47,LINK,3,1,1,20.002621,M.USER.APP.1,761.0655249999995,2621,31
62,LINK,4,3,1,25.002621,M.USER.APP.1,764,2621,32
63,LINK,0,3,1,25.002621,M.USER.APP.1,776,2621,32
64,LINK,4,3,1,25.002621,M.USER.APP.1,784,2621,33
50,LINK,3,1,1,20.002621,M.USER.APP.1,784.0629039999995,2621,33
49,LINK,3,1,1,20.002621,M.USER.APP.1,786.0681459999995,2621,33
65,LINK,0,3,1,25.002621,M.USER.APP.1,796,2621,33
66,LINK,4,3,1,25.002621,M.USER.APP.1,804,2621,34
52,LINK,3,1,1,20.002621,M.USER.APP.1,809.0655249999995,2621,34
51,LINK,3,1,1,20.002621,M.USER.APP.1,811.0707669999995,2621,33
67,LINK,0,3,1,25.002621,M.USER.APP.1,816,2621,34
68,LINK,4,3,1,25.002621,M.USER.APP.1,824,2621,35
54,LINK,3,1,1,20.002621,M.USER.APP.1,834.0681459999995,2621,34
69,LINK,0,3,1,25.002621,M.USER.APP.1,836,2621,35
53,LINK,3,1,1,20.002621,M.USER.APP.1,836.0733879999995,2621,35
70,LINK,4,3,1,25.002621,M.USER.APP.1,844,2621,36
71,LINK,0,3,1,25.002621,M.USER.APP.1,856,2621,36
56,LINK,3,1,1,20.002621,M.USER.APP.1,859.0707669999995,2621,36
55,LINK,3,1,1,20.002621,M.USER.APP.1,861.0760089999994,2621,36
72,LINK,4,3,1,25.002621,M.USER.APP.1,864,2621,37
73,LINK,0,3,1,25.002621,M.USER.APP.1,876,2621,37
74,LINK,4,3,1,25.002621,M.USER.APP.1,884,2621,38
58,LINK,3,1,1,20.002621,M.USER.APP.1,884.0733879999995,2621,38
57,LINK,3,1,1,20.002621,M.USER.APP.1,886.0786299999994,2621,38
75,LINK,0,3,1,25.002621,M.USER.APP.1,896,2621,38
76,LINK,4,3,1,25.002621,M.USER.APP.1,904,2621,39
60,LINK,3,1,1,20.002621,M.USER.APP.1,909.0760089999994,2621,39
59,LINK,3,1,1,20.002621,M.USER.APP.1,911.0812509999994,2621,38
77,LINK,0,3,1,25.002621,M.USER.APP.1,916,2621,39
78,LINK,4,3,1,25.002621,M.USER.APP.1,924,2621,40
62,LINK,3,1,1,20.002621,M.USER.APP.1,934.0786299999994,2621,39
79,LINK,0,3,1,25.002621,M.USER.APP.1,936,2621,40
61,LINK,3,1,1,20.002621,M.USER.APP.1,936.0838719999994,2621,40
80,LINK,4,3,1,25.002621,M.USER.APP.1,944,2621,41
81,LINK,0,3,1,25.002621,M.USER.APP.1,956,2621,41
64,LINK,3,1,1,20.002621,M.USER.APP.1,959.0812509999994,2621,41
63,LINK,3,1,1,20.002621,M.USER.APP.1,961.0864929999993,2621,41
82,LINK,4,3,1,25.002621,M.USER.APP.1,964,2621,42
83,LINK,0,3,1,25.002621,M.USER.APP.1,976,2621,42
84,LINK,4,3,1,25.002621,M.USER.APP.1,984,2621,43
66,LINK,3,1,1,20.002621,M.USER.APP.1,984.0838719999994,2621,43
65,LINK,3,1,1,20.002621,M.USER.APP.1,986.0891139999993,2621,43
85,LINK,0,3,1,25.002621,M.USER.APP.1,996,2621,43
86,LINK,4,3,1,25.002621,M.USER.APP.1,1004,2621,44
68,LINK,3,1,1,20.002621,M.USER.APP.1,1009.0864929999993,2621,44
67,LINK,3,1,1,20.002621,M.USER.APP.1,1011.0917349999993,2621,43
87,LINK,0,3,1,25.002621,M.USER.APP.1,1016,2621,44
88,LINK,4,3,1,25.002621,M.USER.APP.1,1024,2621,45
70,LINK,3,1,1,20.002621,M.USER.APP.1,1034.0891139999994,2621,44
89,LINK,0,3,1,25.002621,M.USER.APP.1,1036,2621,45
69,LINK,3,1,1,20.002621,M.USER.APP.1,1036.0943559999994,2621,45
90,LINK,4,3,1,25.002621,M.USER.APP.1,1044,2621,46
91,LINK,0,3,1,25.002621,M.USER.APP.1,1056,2621,46
72,LINK,3,1,1,20.002621,M.USER.APP.1,1059.0917349999995,2621,46
71,LINK,3,1,1,20.002621,M.USER.APP.1,1061.0969769999995,2621,46
92,LINK,4,3,1,25.002621,M.USER.APP.1,1064,2621,47
93,LINK,0,3,1,25.002621,M.USER.APP.1,1076,2621,47
94,LINK,4,3,1,25.002621,M.USER.APP.1,1084,2621,48
74,LINK,3,1,1,20.002621,M.USER.APP.1,1084.0943559999996,2621,48
73,LINK,3,1,1,20.002621,M.USER.APP.1,1086.0995979999996,2621,48
95,LINK,0,3,1,25.002621,M.USER.APP.1,1096,2621,48
96,LINK,4,3,1,25.002621,M.USER.APP.1,1104,2621,49
76,LINK,3,1,1,20.002621,M.USER.APP.1,1109.0969769999997,2621,49
75,LINK,3,1,1,20.002621,M.USER.APP.1,1111.1022189999996,2621,48
97,LINK,0,3,1,25.002621,M.USER.APP.1,1116,2621,49
98,LINK,4,3,1,25.002621,M.USER.APP.1,1124,2621,50
78,LINK,3,1,1,20.002621,M.USER.APP.1,1134.0995979999998,2621,49
99,LINK,0,3,1,25.002621,M.USER.APP.1,1136,2621,50
77,LINK,3,1,1,20.002621,M.USER.APP.1,1136.1048399999997,2621,50
100,LINK,4,3,1,25.002621,M.USER.APP.1,1144,2621,51
101,LINK,0,3,1,25.002621,M.USER.APP.1,1156,2621,51
80,LINK,3,1,1,20.002621,M.USER.APP.1,1159.1022189999999,2621,51
79,LINK,3,1,1,20.002621,M.USER.APP.1,1161.1074609999998,2621,51
102,LINK,4,3,1,25.002621,M.USER.APP.1,1164,2621,52
103,LINK,0,3,1,25.002621,M.USER.APP.1,1176,2621,52
104,LINK,4,3,1,25.002621,M.USER.APP.1,1184,2621,53
82,LINK,3,1,1,20.002621,M.USER.APP.1,1184.10484,2621,53
81,LINK,3,1,1,20.002621,M.USER.APP.1,1186.110082,2621,53
105,LINK,0,3,1,25.002621,M.USER.APP.1,1196,2621,53
106,LINK,4,3,1,25.002621,M.USER.APP.1,1204,2621,54
84,LINK,3,1,1,20.002621,M.USER.APP.1,1209.107461,2621,54
83,LINK,3,1,1,20.002621,M.USER.APP.1,1211.112703,2621,53
107,LINK,0,3,1,25.002621,M.USER.APP.1,1216,2621,54
108,LINK,4,3,1,25.002621,M.USER.APP.1,1224,2621,55
86,LINK,3,1,1,20.002621,M.USER.APP.1,1234.1100820000001,2621,54
109,LINK,0,3,1,25.002621,M.USER.APP.1,1236,2621,55
85,LINK,3,1,1,20.002621,M.USER.APP.1,1236.115324,2621,55
110,LINK,4,3,1,25.002621,M.USER.APP.1,1244,2621,56
111,LINK,0,3,1,25.002621,M.USER.APP.1,1256,2621,56
88,LINK,3,1,1,20.002621,M.USER.APP.1,1259.1127030000002,2621,56
87,LINK,3,1,1,20.002621,M.USER.APP.1,1261.1179450000002,2621,56
112,LINK,4,3,1,25.002621,M.USER.APP.1,1264,2621,57
113,LINK,0,3,1,25.002621,M.USER.APP.1,1276,2621,57
114,LINK,4,3,1,25.002621,M.USER.APP.1,1284,2621,58
90,LINK,3,1,1,20.002621,M.USER.APP.1,1284.1153240000003,2621,58
89,LINK,3,1,1,20.002621,M.USER.APP.1,1286.1205660000003,2621,58
115,LINK,0,3,1,25.002621,M.USER.APP.1,1296,2621,58
116,LINK,4,3,1,25.002621,M.USER.APP.1,1304,2621,59
92,LINK,3,1,1,20.002621,M.USER.APP.1,1309.1179450000004,2621,59
91,LINK,3,1,1,20.002621,M.USER.APP.1,1311.1231870000004,2621,58
117,LINK,0,3,1,25.002621,M.USER.APP.1,1316,2621,59
118,LINK,4,3,1,25.002621,M.USER.APP.1,1324,2621,60
94,LINK,3,1,1,20.002621,M.USER.APP.1,1334.1205660000005,2621,59
119,LINK,0,3,1,25.002621,M.USER.APP.1,1336,2621,60
93,LINK,3,1,1,20.002621,M.USER.APP.1,1336.1258080000002,2621,60
120,LINK,4,3,1,25.002621,M.USER.APP.1,1344,2621,61
121,LINK,0,3,1,25.002621,M.USER.APP.1,1356,2621,61
96,LINK,3,1,1,20.002621,M.USER.APP.1,1359.1231870000006,2621,61
95,LINK,3,1,1,20.002621,M.USER.APP.1,1361.1284290000003,2621,61
122,LINK,4,3,1,25.002621,M.USER.APP.1,1364,2621,62
123,LINK,0,3,1,25.002621,M.USER.APP.1,1376,2621,62
124,LINK,4,3,1,25.002621,M.USER.APP.1,1384,2621,63
98,LINK,3,1,1,20.002621,M.USER.APP.1,1384.1258080000007,2621,63
97,LINK,3,1,1,20.002621,M.USER.APP.1,1386.1310500000004,2621,63
125,LINK,0,3,1,25.002621,M.USER.APP.1,1396,2621,63
126,LINK,4,3,1,25.002621,M.USER.APP.1,1404,2621,64
100,LINK,3,1,1,20.002621,M.USER.APP.1,1409.1284290000008,2621,64
99,LINK,3,1,1,20.002621,M.USER.APP.1,1411.1336710000005,2621,63
127,LINK,0,3,1,25.002621,M.USER.APP.1,1416,2621,64
128,LINK,4,3,1,25.002621,M.USER.APP.1,1424,2621,65
102,LINK,3,1,1,20.002621,M.USER.APP.1,1434.1310500000009,2621,64
129,LINK,0,3,1,25.002621,M.USER.APP.1,1436,2621,65
101,LINK,3,1,1,20.002621,M.USER.APP.1,1436.1362920000006,2621,65
130,LINK,4,3,1,25.002621,M.USER.APP.1,1444,2621,66
131,LINK,0,3,1,25.002621,M.USER.APP.1,1456,2621,66
104,LINK,3,1,1,20.002621,M.USER.APP.1,1459.133671000001,2621,66
103,LINK,3,1,1,20.002621,M.USER.APP.1,1461.1389130000007,2621,66
132,LINK,4,3,1,25.002621,M.USER.APP.1,1464,2621,67
133,LINK,0,3,1,25.002621,M.USER.APP.1,1476,2621,67
134,LINK,4,3,1,25.002621,M.USER.APP.1,1484,2621,68
106,LINK,3,1,1,20.002621,M.USER.APP.1,1484.136292000001,2621,68
105,LINK,3,1,1,20.002621,M.USER.APP.1,1486.1415340000008,2621,68
135,LINK,0,3,1,25.002621,M.USER.APP.1,1496,2621,68
136,LINK,4,3,1,25.002621,M.USER.APP.1,1504,2621,69
108,LINK,3,1,1,20.002621,M.USER.APP.1,1509.1389130000011,2621,69
107,LINK,3,1,1,20.002621,M.USER.APP.1,1511.1441550000009,2621,68
137,LINK,0,3,1,25.002621,M.USER.APP.1,1516,2621,69
138,LINK,4,3,1,25.002621,M.USER.APP.1,1524,2621,70
110,LINK,3,1,1,20.002621,M.USER.APP.1,1534.1415340000012,2621,69
139,LINK,0,3,1,25.002621,M.USER.APP.1,1536,2621,70
109,LINK,3,1,1,20.002621,M.USER.APP.1,1536.146776000001,2621,70
140,LINK,4,3,1,25.002621,M.USER.APP.1,1544,2621,71
141,LINK,0,3,1,25.002621,M.USER.APP.1,1556,2621,71
112,LINK,3,1,1,20.002621,M.USER.APP.1,1559.1441550000013,2621,71
111,LINK,3,1,1,20.002621,M.USER.APP.1,1561.149397000001,2621,71
142,LINK,4,3,1,25.002621,M.USER.APP.1,1564,2621,72
143,LINK,0,3,1,25.002621,M.USER.APP.1,1576,2621,72
144,LINK,4,3,1,25.002621,M.USER.APP.1,1584,2621,73
114,LINK,3,1,1,20.002621,M.USER.APP.1,1584.1467760000014,2621,73
113,LINK,3,1,1,20.002621,M.USER.APP.1,1586.1520180000011,2621,73
145,LINK,0,3,1,25.002621,M.USER.APP.1,1596,2621,73
146,LINK,4,3,1,25.002621,M.USER.APP.1,1604,2621,74
116,LINK,3,1,1,20.002621,M.USER.APP.1,1609.1493970000015,2621,74
115,LINK,3,1,1,20.002621,M.USER.APP.1,1611.1546390000012,2621,73
147,LINK,0,3,1,25.002621,M.USER.APP.1,1616,2621,74
148,LINK,4,3,1,25.002621,M.USER.APP.1,1624,2621,75
118,LINK,3,1,1,20.002621,M.USER.APP.1,1634.1520180000016,2621,74
149,LINK,0,3,1,25.002621,M.USER.APP.1,1636,2621,75
117,LINK,3,1,1,20.002621,M.USER.APP.1,1636.1572600000013,2621,75
150,LINK,4,3,1,25.002621,M.USER.APP.1,1644,2621,76
151,LINK,0,3,1,25.002621,M.USER.APP.1,1656,2621,76
120,LINK,3,1,1,20.002621,M.USER.APP.1,1659.1546390000017,2621,76
119,LINK,3,1,1,20.002621,M.USER.APP.1,1661.1598810000014,2621,76
152,LINK,4,3,1,25.002621,M.USER.APP.1,1664,2621,77
153,LINK,0,3,1,25.002621,M.USER.APP.1,1676,2621,77
154,LINK,4,3,1,25.002621,M.USER.APP.1,1684,2621,78
122,LINK,3,1,1,20.002621,M.USER.APP.1,1684.1572600000018,2621,78
121,LINK,3,1,1,20.002621,M.USER.APP.1,1686.1625020000015,2621,78
155,LINK,0,3,1,25.002621,M.USER.APP.1,1696,2621,78
156,LINK,4,3,1,25.002621,M.USER.APP.1,1704,2621,79
124,LINK,3,1,1,20.002621,M.USER.APP.1,1709.1598810000019,2621,79
123,LINK,3,1,1,20.002621,M.USER.APP.1,1711.1651230000016,2621,78
157,LINK,0,3,1,25.002621,M.USER.APP.1,1716,2621,79
158,LINK,4,3,1,25.002621,M.USER.APP.1,1724,2621,80
126,LINK,3,1,1,20.002621,M.USER.APP.1,1734.162502000002,2621,79
159,LINK,0,3,1,25.002621,M.USER.APP.1,1736,2621,80
125,LINK,3,1,1,20.002621,M.USER.APP.1,1736.1677440000017,2621,80
160,LINK,4,3,1,25.002621,M.USER.APP.1,1744,2621,81
161,LINK,0,3,1,25.002621,M.USER.APP.1,1756,2621,81
128,LINK,3,1,1,20.002621,M.USER.APP.1,1759.165123000002,2621,81
127,LINK,3,1,1,20.002621,M.USER.APP.1,1761.1703650000018,2621,81
162,LINK,4,3,1,25.002621,M.USER.APP.1,1764,2621,82
163,LINK,0,3,1,25.002621,M.USER.APP.1,1776,2621,82
164,LINK,4,3,1,25.002621,M.USER.APP.1,1784,2621,83
130,LINK,3,1,1,20.002621,M.USER.APP.1,1784.1677440000021,2621,83
129,LINK,3,1,1,20.002621,M.USER.APP.1,1786.1729860000019,2621,83
165,LINK,0,3,1,25.002621,M.USER.APP.1,1796,2621,83
166,LINK,4,3,1,25.002621,M.USER.APP.1,1804,2621,84
132,LINK,3,1,1,20.002621,M.USER.APP.1,1809.1703650000022,2621,84
131,LINK,3,1,1,20.002621,M.USER.APP.1,1811.175607000002,2621,83
167,LINK,0,3,1,25.002621,M.USER.APP.1,1816,2621,84
168,LINK,4,3,1,25.002621,M.USER.APP.1,1824,2621,85
134,LINK,3,1,1,20.002621,M.USER.APP.1,1834.1729860000023,2621,84
169,LINK,0,3,1,25.002621,M.USER.APP.1,1836,2621,85
133,LINK,3,1,1,20.002621,M.USER.APP.1,1836.178228000002,2621,85
170,LINK,4,3,1,25.002621,M.USER.APP.1,1844,2621,86
171,LINK,0,3,1,25.002621,M.USER.APP.1,1856,2621,86
136,LINK,3,1,1,20.002621,M.USER.APP.1,1859.1756070000024,2621,86
135,LINK,3,1,1,20.002621,M.USER.APP.1,1861.1808490000021,2621,86
172,LINK,4,3,1,25.002621,M.USER.APP.1,1864,2621,87
173,LINK,0,3,1,25.002621,M.USER.APP.1,1876,2621,87
174,LINK,4,3,1,25.002621,M.USER.APP.1,1884,2621,88
138,LINK,3,1,1,20.002621,M.USER.APP.1,1884.1782280000025,2621,88
137,LINK,3,1,1,20.002621,M.USER.APP.1,1886.1834700000022,2621,88
175,LINK,0,3,1,25.002621,M.USER.APP.1,1896,2621,88
176,LINK,4,3,1,25.002621,M.USER.APP.1,1904,2621,89
140,LINK,3,1,1,20.002621,M.USER.APP.1,1909.1808490000026,2621,89
139,LINK,3,1,1,20.002621,M.USER.APP.1,1911.1860910000023,2621,88
177,LINK,0,3,1,25.002621,M.USER.APP.1,1916,2621,89
178,LINK,4,3,1,25.002621,M.USER.APP.1,1924,2621,90
142,LINK,3,1,1,20.002621,M.USER.APP.1,1934.1834700000027,2621,89
179,LINK,0,3,1,25.002621,M.USER.APP.1,1936,2621,90
141,LINK,3,1,1,20.002621,M.USER.APP.1,1936.1887120000024,2621,90
180,LINK,4,3,1,25.002621,M.USER.APP.1,1944,2621,91
181,LINK,0,3,1,25.002621,M.USER.APP.1,1956,2621,91
144,LINK,3,1,1,20.002621,M.USER.APP.1,1959.1860910000028,2621,91
143,LINK,3,1,1,20.002621,M.USER.APP.1,1961.1913330000025,2621,91
182,LINK,4,3,1,25.002621,M.USER.APP.1,1964,2621,92
183,LINK,0,3,1,25.002621,M.USER.APP.1,1976,2621,92
184,LINK,4,3,1,25.002621,M.USER.APP.1,1984,2621,93
146,LINK,3,1,1,20.002621,M.USER.APP.1,1984.1887120000029,2621,93
145,LINK,3,1,1,20.002621,M.USER.APP.1,1986.1939540000026,2621,93
185,LINK,0,3,1,25.002621,M.USER.APP.1,1996,2621,93
186,LINK,4,3,1,25.002621,M.USER.APP.1,2004,2621,94
148,LINK,3,1,1,20.002621,M.USER.APP.1,2009.191333000003,2621,94
147,LINK,3,1,1,20.002621,M.USER.APP.1,2011.1965750000027,2621,93
187,LINK,0,3,1,25.002621,M.USER.APP.1,2016,2621,94
188,LINK,4,3,1,25.002621,M.USER.APP.1,2024,2621,95
150,LINK,3,1,1,20.002621,M.USER.APP.1,2034.193954000003,2621,94
189,LINK,0,3,1,25.002621,M.USER.APP.1,2036,2621,95
149,LINK,3,1,1,20.002621,M.USER.APP.1,2036.1991960000028,2621,95
190,LINK,4,3,1,25.002621,M.USER.APP.1,2044,2621,96
191,LINK,0,3,1,25.002621,M.USER.APP.1,2056,2621,96
152,LINK,3,1,1,20.002621,M.USER.APP.1,2059.196575000003,2621,96
151,LINK,3,1,1,20.002621,M.USER.APP.1,2061.201817000003,2621,96
192,LINK,4,3,1,25.002621,M.USER.APP.1,2064,2621,97
193,LINK,0,3,1,25.002621,M.USER.APP.1,2076,2621,97
194,LINK,4,3,1,25.002621,M.USER.APP.1,2084,2621,98
154,LINK,3,1,1,20.002621,M.USER.APP.1,2084.199196000003,2621,98
153,LINK,3,1,1,20.002621,M.USER.APP.1,2086.204438000003,2621,98
195,LINK,0,3,1,25.002621,M.USER.APP.1,2096,2621,98
196,LINK,4,3,1,25.002621,M.USER.APP.1,2104,2621,99
156,LINK,3,1,1,20.002621,M.USER.APP.1,2109.2018170000033,2621,99
155,LINK,3,1,1,20.002621,M.USER.APP.1,2111.207059000003,2621,98
197,LINK,0,3,1,25.002621,M.USER.APP.1,2116,2621,99
198,LINK,4,3,1,25.002621,M.USER.APP.1,2124,2621,100
158,LINK,3,1,1,20.002621,M.USER.APP.1,2134.2044380000034,2621,99
199,LINK,0,3,1,25.002621,M.USER.APP.1,2136,2621,100
157,LINK,3,1,1,20.002621,M.USER.APP.1,2136.209680000003,2621,100
200,LINK,4,3,1,25.002621,M.USER.APP.1,2144,2621,101
201,LINK,0,3,1,25.002621,M.USER.APP.1,2156,2621,101
160,LINK,3,1,1,20.002621,M.USER.APP.1,2159.2070590000035,2621,101
159,LINK,3,1,1,20.002621,M.USER.APP.1,2161.212301000003,2621,101
202,LINK,4,3,1,25.002621,M.USER.APP.1,2164,2621,102
203,LINK,0,3,1,25.002621,M.USER.APP.1,2176,2621,102
204,LINK,4,3,1,25.002621,M.USER.APP.1,2184,2621,103
162,LINK,3,1,1,20.002621,M.USER.APP.1,2184.2096800000036,2621,103
161,LINK,3,1,1,20.002621,M.USER.APP.1,2186.2149220000033,2621,103
205,LINK,0,3,1,25.002621,M.USER.APP.1,2196,2621,103
206,LINK,4,3,1,25.002621,M.USER.APP.1,2204,2621,104
164,LINK,3,1,1,20.002621,M.USER.APP.1,2209.2123010000037,2621,104
163,LINK,3,1,1,20.002621,M.USER.APP.1,2211.2175430000034,2621,103
207,LINK,0,3,1,25.002621,M.USER.APP.1,2216,2621,104
208,LINK,4,3,1,25.002621,M.USER.APP.1,2224,2621,105
166,LINK,3,1,1,20.002621,M.USER.APP.1,2234.2149220000038,2621,104
209,LINK,0,3,1,25.002621,M.USER.APP.1,2236,2621,105
165,LINK,3,1,1,20.002621,M.USER.APP.1,2236.2201640000035,2621,105
210,LINK,4,3,1,25.002621,M.USER.APP.1,2244,2621,106
211,LINK,0,3,1,25.002621,M.USER.APP.1,2256,2621,106
168,LINK,3,1,1,20.002621,M.USER.APP.1,2259.217543000004,2621,106
167,LINK,3,1,1,20.002621,M.USER.APP.1,2261.2227850000036,2621,106
212,LINK,4,3,1,25.002621,M.USER.APP.1,2264,2621,107
213,LINK,0,3,1,25.002621,M.USER.APP.1,2276,2621,107
214,LINK,4,3,1,25.002621,M.USER.APP.1,2284,2621,108
170,LINK,3,1,1,20.002621,M.USER.APP.1,2284.220164000004,2621,108
169,LINK,3,1,1,20.002621,M.USER.APP.1,2286.2254060000037,2621,108
215,LINK,0,3,1,25.002621,M.USER.APP.1,2296,2621,108
216,LINK,4,3,1,25.002621,M.USER.APP.1,2304,2621,109
172,LINK,3,1,1,20.002621,M.USER.APP.1,2309.222785000004,2621,109
171,LINK,3,1,1,20.002621,M.USER.APP.1,2311.2280270000037,2621,108
217,LINK,0,3,1,25.002621,M.USER.APP.1,2316,2621,109
218,LINK,4,3,1,25.002621,M.USER.APP.1,2324,2621,110
174,LINK,3,1,1,20.002621,M.USER.APP.1,2334.225406000004,2621,109
219,LINK,0,3,1,25.002621,M.USER.APP.1,2336,2621,110
173,LINK,3,1,1,20.002621,M.USER.APP.1,2336.230648000004,2621,110
220,LINK,4,3,1,25.002621,M.USER.APP.1,2344,2621,111
221,LINK,0,3,1,25.002621,M.USER.APP.1,2356,2621,111
176,LINK,3,1,1,20.002621,M.USER.APP.1,2359.228027000004,2621,111
175,LINK,3,1,1,20.002621,M.USER.APP.1,2361.233269000004,2621,111
222,LINK,4,3,1,25.002621,M.USER.APP.1,2364,2621,112
223,LINK,0,3,1,25.002621,M.USER.APP.1,2376,2621,112
224,LINK,4,3,1,25.002621,M.USER.APP.1,2384,2621,113
178,LINK,3,1,1,20.002621,M.USER.APP.1,2384.2306480000043,2621,113
177,LINK,3,1,1,20.002621,M.USER.APP.1,2386.235890000004,2621,113
225,LINK,0,3,1,25.002621,M.USER.APP.1,2396,2621,113
226,LINK,4,3,1,25.002621,M.USER.APP.1,2404,2621,114
180,LINK,3,1,1,20.002621,M.USER.APP.1,2409.2332690000044,2621,114
179,LINK,3,1,1,20.002621,M.USER.APP.1,2411.238511000004,2621,113
227,LINK,0,3,1,25.002621,M.USER.APP.1,2416,2621,114
228,LINK,4,3,1,25.002621,M.USER.APP.1,2424,2621,115
182,LINK,3,1,1,20.002621,M.USER.APP.1,2434.2358900000045,2621,114
229,LINK,0,3,1,25.002621,M.USER.APP.1,2436,2621,115
181,LINK,3,1,1,20.002621,M.USER.APP.1,2436.241132000004,2621,115
230,LINK,4,3,1,25.002621,M.USER.APP.1,2444,2621,116
231,LINK,0,3,1,25.002621,M.USER.APP.1,2456,2621,116
184,LINK,3,1,1,20.002621,M.USER.APP.1,2459.2385110000046,2621,116
183,LINK,3,1,1,20.002621,M.USER.APP.1,2461.2437530000043,2621,116
232,LINK,4,3,1,25.002621,M.USER.APP.1,2464,2621,117
233,LINK,0,3,1,25.002621,M.USER.APP.1,2476,2621,117
234,LINK,4,3,1,25.002621,M.USER.APP.1,2484,2621,118
186,LINK,3,1,1,20.002621,M.USER.APP.1,2484.2411320000047,2621,118
185,LINK,3,1,1,20.002621,M.USER.APP.1,2486.2463740000044,2621,118
235,LINK,0,3,1,25.002621,M.USER.APP.1,2496,2621,118
236,LINK,4,3,1,25.002621,M.USER.APP.1,2504,2621,119
188,LINK,3,1,1,20.002621,M.USER.APP.1,2509.2437530000047,2621,119
187,LINK,3,1,1,20.002621,M.USER.APP.1,2511.2489950000045,2621,118
237,LINK,0,3,1,25.002621,M.USER.APP.1,2516,2621,119
238,LINK,4,3,1,25.002621,M.USER.APP.1,2524,2621,120
190,LINK,3,1,1,20.002621,M.USER.APP.1,2534.246374000005,2621,119
239,LINK,0,3,1,25.002621,M.USER.APP.1,2536,2621,120
189,LINK,3,1,1,20.002621,M.USER.APP.1,2536.2516160000046,2621,120
240,LINK,4,3,1,25.002621,M.USER.APP.1,2544,2621,121
241,LINK,0,3,1,25.002621,M.USER.APP.1,2556,2621,121
192,LINK,3,1,1,20.002621,M.USER.APP.1,2559.248995000005,2621,121
191,LINK,3,1,1,20.002621,M.USER.APP.1,2561.2542370000047,2621,121
242,LINK,4,3,1,25.002621,M.USER.APP.1,2564,2621,122
243,LINK,0,3,1,25.002621,M.USER.APP.1,2576,2621,122
244,LINK,4,3,1,25.002621,M.USER.APP.1,2584,2621,123
194,LINK,3,1,1,20.002621,M.USER.APP.1,2584.251616000005,2621,123
193,LINK,3,1,1,20.002621,M.USER.APP.1,2586.2568580000047,2621,123
245,LINK,0,3,1,25.002621,M.USER.APP.1,2596,2621,123
246,LINK,4,3,1,25.002621,M.USER.APP.1,2604,2621,124
196,LINK,3,1,1,20.002621,M.USER.APP.1,2609.254237000005,2621,124
195,LINK,3,1,1,20.002621,M.USER.APP.1,2611.259479000005,2621,123
247,LINK,0,3,1,25.002621,M.USER.APP.1,2616,2621,124
248,LINK,4,3,1,25.002621,M.USER.APP.1,2624,2621,125
198,LINK,3,1,1,20.002621,M.USER.APP.1,2634.256858000005,2621,124
249,LINK,0,3,1,25.002621,M.USER.APP.1,2636,2621,125
197,LINK,3,1,1,20.002621,M.USER.APP.1,2636.262100000005,2621,125
250,LINK,4,3,1,25.002621,M.USER.APP.1,2644,2621,126
251,LINK,0,3,1,25.002621,M.USER.APP.1,2656,2621,126
200,LINK,3,1,1,20.002621,M.USER.APP.1,2659.2594790000053,2621,126
199,LINK,3,1,1,20.002621,M.USER.APP.1,2661.264721000005,2621,126
252,LINK,4,3,1,25.002621,M.USER.APP.1,2664,2621,127
253,LINK,0,3,1,25.002621,M.USER.APP.1,2676,2621,127
254,LINK,4,3,1,25.002621,M.USER.APP.1,2684,2621,128
202,LINK,3,1,1,20.002621,M.USER.APP.1,2684.2621000000054,2621,128
201,LINK,3,1,1,20.002621,M.USER.APP.1,2686.267342000005,2621,128
255,LINK,0,3,1,25.002621,M.USER.APP.1,2696,2621,128
256,LINK,4,3,1,25.002621,M.USER.APP.1,2704,2621,129
204,LINK,3,1,1,20.002621,M.USER.APP.1,2709.2647210000055,2621,129
203,LINK,3,1,1,20.002621,M.USER.APP.1,2711.269963000005,2621,128
257,LINK,0,3,1,25.002621,M.USER.APP.1,2716,2621,129
258,LINK,4,3,1,25.002621,M.USER.APP.1,2724,2621,130
206,LINK,3,1,1,20.002621,M.USER.APP.1,2734.2673420000056,2621,129
259,LINK,0,3,1,25.002621,M.USER.APP.1,2736,2621,130
205,LINK,3,1,1,20.002621,M.USER.APP.1,2736.2725840000053,2621,130
260,LINK,4,3,1,25.002621,M.USER.APP.1,2744,2621,131
261,LINK,0,3,1,25.002621,M.USER.APP.1,2756,2621,131
208,LINK,3,1,1,20.002621,M.USER.APP.1,2759.2699630000056,2621,131
207,LINK,3,1,1,20.002621,M.USER.APP.1,2761.2752050000054,2621,131
262,LINK,4,3,1,25.002621,M.USER.APP.1,2764,2621,132
263,LINK,0,3,1,25.002621,M.USER.APP.1,2776,2621,132
264,LINK,4,3,1,25.002621,M.USER.APP.1,2784,2621,133
210,LINK,3,1,1,20.002621,M.USER.APP.1,2784.2725840000057,2621,133
209,LINK,3,1,1,20.002621,M.USER.APP.1,2786.2778260000055,2621,133
265,LINK,0,3,1,25.002621,M.USER.APP.1,2796,2621,133
266,LINK,4,3,1,25.002621,M.USER.APP.1,2804,2621,134
212,LINK,3,1,1,20.002621,M.USER.APP.1,2809.275205000006,2621,134
211,LINK,3,1,1,20.002621,M.USER.APP.1,2811.2804470000056,2621,133
267,LINK,0,3,1,25.002621,M.USER.APP.1,2816,2621,134
268,LINK,4,3,1,25.002621,M.USER.APP.1,2824,2621,135
214,LINK,3,1,1,20.002621,M.USER.APP.1,2834.277826000006,2621,134
269,LINK,0,3,1,25.002621,M.USER.APP.1,2836,2621,135
213,LINK,3,1,1,20.002621,M.USER.APP.1,2836.2830680000056,2621,135
270,LINK,4,3,1,25.002621,M.USER.APP.1,2844,2621,136
271,LINK,0,3,1,25.002621,M.USER.APP.1,2856,2621,136
216,LINK,3,1,1,20.002621,M.USER.APP.1,2859.280447000006,2621,136
215,LINK,3,1,1,20.002621,M.USER.APP.1,2861.2856890000057,2621,136
272,LINK,4,3,1,25.002621,M.USER.APP.1,2864,2621,137
273,LINK,0,3,1,25.002621,M.USER.APP.1,2876,2621,137
274,LINK,4,3,1,25.002621,M.USER.APP.1,2884,2621,138
218,LINK,3,1,1,20.002621,M.USER.APP.1,2884.283068000006,2621,138
217,LINK,3,1,1,20.002621,M.USER.APP.1,2886.288310000006,2621,138
275,LINK,0,3,1,25.002621,M.USER.APP.1,2896,2621,138
276,LINK,4,3,1,25.002621,M.USER.APP.1,2904,2621,139
220,LINK,3,1,1,20.002621,M.USER.APP.1,2909.285689000006,2621,139
219,LINK,3,1,1,20.002621,M.USER.APP.1,2911.290931000006,2621,138
277,LINK,0,3,1,25.002621,M.USER.APP.1,2916,2621,139
278,LINK,4,3,1,25.002621,M.USER.APP.1,2924,2621,140
222,LINK,3,1,1,20.002621,M.USER.APP.1,2934.2883100000063,2621,139
279,LINK,0,3,1,25.002621,M.USER.APP.1,2936,2621,140
221,LINK,3,1,1,20.002621,M.USER.APP.1,2936.293552000006,2621,140
280,LINK,4,3,1,25.002621,M.USER.APP.1,2944,2621,141
281,LINK,0,3,1,25.002621,M.USER.APP.1,2956,2621,141
224,LINK,3,1,1,20.002621,M.USER.APP.1,2959.2909310000064,2621,141
223,LINK,3,1,1,20.002621,M.USER.APP.1,2961.296173000006,2621,141
282,LINK,4,3,1,25.002621,M.USER.APP.1,2964,2621,142
283,LINK,0,3,1,25.002621,M.USER.APP.1,2976,2621,142
284,LINK,4,3,1,25.002621,M.USER.APP.1,2984,2621,143
226,LINK,3,1,1,20.002621,M.USER.APP.1,2984.2935520000065,2621,143
225,LINK,3,1,1,20.002621,M.USER.APP.1,2986.298794000006,2621,143
285,LINK,0,3,1,25.002621,M.USER.APP.1,2996,2621,143
286,LINK,4,3,1,25.002621,M.USER.APP.1,3004,2621,144
228,LINK,3,1,1,20.002621,M.USER.APP.1,3009.2961730000065,2621,144
227,LINK,3,1,1,20.002621,M.USER.APP.1,3011.3014150000063,2621,143
287,LINK,0,3,1,25.002621,M.USER.APP.1,3016,2621,144
288,LINK,4,3,1,25.002621,M.USER.APP.1,3024,2621,145
230,LINK,3,1,1,20.002621,M.USER.APP.1,3034.2987940000066,2621,144
289,LINK,0,3,1,25.002621,M.USER.APP.1,3036,2621,145
229,LINK,3,1,1,20.002621,M.USER.APP.1,3036.3040360000064,2621,145
290,LINK,4,3,1,25.002621,M.USER.APP.1,3044,2621,146
291,LINK,0,3,1,25.002621,M.USER.APP.1,3056,2621,146
232,LINK,3,1,1,20.002621,M.USER.APP.1,3059.3014150000067,2621,146
231,LINK,3,1,1,20.002621,M.USER.APP.1,3061.3066570000065,2621,146
292,LINK,4,3,1,25.002621,M.USER.APP.1,3064,2621,147
293,LINK,0,3,1,25.002621,M.USER.APP.1,3076,2621,147
294,LINK,4,3,1,25.002621,M.USER.APP.1,3084,2621,148
234,LINK,3,1,1,20.002621,M.USER.APP.1,3084.304036000007,2621,148
233,LINK,3,1,1,20.002621,M.USER.APP.1,3086.3092780000065,2621,148
295,LINK,0,3,1,25.002621,M.USER.APP.1,3096,2621,148
296,LINK,4,3,1,25.002621,M.USER.APP.1,3104,2621,149
236,LINK,3,1,1,20.002621,M.USER.APP.1,3109.306657000007,2621,149
235,LINK,3,1,1,20.002621,M.USER.APP.1,3111.3118990000066,2621,148
297,LINK,0,3,1,25.002621,M.USER.APP.1,3116,2621,149
298,LINK,4,3,1,25.002621,M.USER.APP.1,3124,2621,150
238,LINK,3,1,1,20.002621,M.USER.APP.1,3134.309278000007,2621,149
299,LINK,0,3,1,25.002621,M.USER.APP.1,3136,2621,150
237,LINK,3,1,1,20.002621,M.USER.APP.1,3136.3145200000067,2621,150
300,LINK,4,3,1,25.002621,M.USER.APP.1,3144,2621,151
301,LINK,0,3,1,25.002621,M.USER.APP.1,3156,2621,151
240,LINK,3,1,1,20.002621,M.USER.APP.1,3159.311899000007,2621,151
239,LINK,3,1,1,20.002621,M.USER.APP.1,3161.317141000007,2621,151
302,LINK,4,3,1,25.002621,M.USER.APP.1,3164,2621,152
303,LINK,0,3,1,25.002621,M.USER.APP.1,3176,2621,152
304,LINK,4,3,1,25.002621,M.USER.APP.1,3184,2621,153
242,LINK,3,1,1,20.002621,M.USER.APP.1,3184.314520000007,2621,153
241,LINK,3,1,1,20.002621,M.USER.APP.1,3186.319762000007,2621,153
305,LINK,0,3,1,25.002621,M.USER.APP.1,3196,2621,153
306,LINK,4,3,1,25.002621,M.USER.APP.1,3204,2621,154
244,LINK,3,1,1,20.002621,M.USER.APP.1,3209.3171410000073,2621,154
243,LINK,3,1,1,20.002621,M.USER.APP.1,3211.322383000007,2621,153
307,LINK,0,3,1,25.002621,M.USER.APP.1,3216,2621,154
308,LINK,4,3,1,25.002621,M.USER.APP.1,3224,2621,155
246,LINK,3,1,1,20.002621,M.USER.APP.1,3234.3197620000074,2621,154
309,LINK,0,3,1,25.002621,M.USER.APP.1,3236,2621,155
245,LINK,3,1,1,20.002621,M.USER.APP.1,3236.325004000007,2621,155
310,LINK,4,3,1,25.002621,M.USER.APP.1,3244,2621,156
311,LINK,0,3,1,25.002621,M.USER.APP.1,3256,2621,156
248,LINK,3,1,1,20.002621,M.USER.APP.1,3259.3223830000074,2621,156
247,LINK,3,1,1,20.002621,M.USER.APP.1,3261.327625000007,2621,156
312,LINK,4,3,1,25.002621,M.USER.APP.1,3264,2621,157
313,LINK,0,3,1,25.002621,M.USER.APP.1,3276,2621,157
314,LINK,4,3,1,25.002621,M.USER.APP.1,3284,2621,158
250,LINK,3,1,1,20.002621,M.USER.APP.1,3284.3250040000075,2621,158
249,LINK,3,1,1,20.002621,M.USER.APP.1,3286.3302460000073,2621,158
315,LINK,0,3,1,25.002621,M.USER.APP.1,3296,2621,158
316,LINK,4,3,1,25.002621,M.USER.APP.1,3304,2621,159
252,LINK,3,1,1,20.002621,M.USER.APP.1,3309.3276250000076,2621,159
251,LINK,3,1,1,20.002621,M.USER.APP.1,3311.3328670000074,2621,158
317,LINK,0,3,1,25.002621,M.USER.APP.1,3316,2621,159
318,LINK,4,3,1,25.002621,M.USER.APP.1,3324,2621,160
254,LINK,3,1,1,20.002621,M.USER.APP.1,3334.3302460000077,2621,159
319,LINK,0,3,1,25.002621,M.USER.APP.1,3336,2621,160
253,LINK,3,1,1,20.002621,M.USER.APP.1,3336.3354880000074,2621,160
320,LINK,4,3,1,25.002621,M.USER.APP.1,3344,2621,161
321,LINK,0,3,1,25.002621,M.USER.APP.1,3356,2621,161
256,LINK,3,1,1,20.002621,M.USER.APP.1,3359.332867000008,2621,161
255,LINK,3,1,1,20.002621,M.USER.APP.1,3361.3381090000075,2621,161
322,LINK,4,3,1,25.002621,M.USER.APP.1,3364,2621,162
323,LINK,0,3,1,25.002621,M.USER.APP.1,3376,2621,162
324,LINK,4,3,1,25.002621,M.USER.APP.1,3384,2621,163
258,LINK,3,1,1,20.002621,M.USER.APP.1,3384.335488000008,2621,163
257,LINK,3,1,1,20.002621,M.USER.APP.1,3386.3407300000076,2621,163
325,LINK,0,3,1,25.002621,M.USER.APP.1,3396,2621,163
326,LINK,4,3,1,25.002621,M.USER.APP.1,3404,2621,164
260,LINK,3,1,1,20.002621,M.USER.APP.1,3409.338109000008,2621,164
259,LINK,3,1,1,20.002621,M.USER.APP.1,3411.3433510000077,2621,163
327,LINK,0,3,1,25.002621,M.USER.APP.1,3416,2621,164
328,LINK,4,3,1,25.002621,M.USER.APP.1,3424,2621,165
262,LINK,3,1,1,20.002621,M.USER.APP.1,3434.340730000008,2621,164
329,LINK,0,3,1,25.002621,M.USER.APP.1,3436,2621,165
261,LINK,3,1,1,20.002621,M.USER.APP.1,3436.345972000008,2621,165
330,LINK,4,3,1,25.002621,M.USER.APP.1,3444,2621,166
331,LINK,0,3,1,25.002621,M.USER.APP.1,3456,2621,166
264,LINK,3,1,1,20.002621,M.USER.APP.1,3459.343351000008,2621,166
263,LINK,3,1,1,20.002621,M.USER.APP.1,3461.348593000008,2621,166
332,LINK,4,3,1,25.002621,M.USER.APP.1,3464,2621,167
333,LINK,0,3,1,25.002621,M.USER.APP.1,3476,2621,167
334,LINK,4,3,1,25.002621,M.USER.APP.1,3484,2621,168
266,LINK,3,1,1,20.002621,M.USER.APP.1,3484.3459720000083,2621,168
265,LINK,3,1,1,20.002621,M.USER.APP.1,3486.351214000008,2621,168
335,LINK,0,3,1,25.002621,M.USER.APP.1,3496,2621,168
336,LINK,4,3,1,25.002621,M.USER.APP.1,3504,2621,169
268,LINK,3,1,1,20.002621,M.USER.APP.1,3509.3485930000083,2621,169
267,LINK,3,1,1,20.002621,M.USER.APP.1,3511.353835000008,2621,168
337,LINK,0,3,1,25.002621,M.USER.APP.1,3516,2621,169
338,LINK,4,3,1,25.002621,M.USER.APP.1,3524,2621,170
270,LINK,3,1,1,20.002621,M.USER.APP.1,3534.3512140000084,2621,169
339,LINK,0,3,1,25.002621,M.USER.APP.1,3536,2621,170
269,LINK,3,1,1,20.002621,M.USER.APP.1,3536.356456000008,2621,170
340,LINK,4,3,1,25.002621,M.USER.APP.1,3544,2621,171
341,LINK,0,3,1,25.002621,M.USER.APP.1,3556,2621,171
272,LINK,3,1,1,20.002621,M.USER.APP.1,3559.3538350000085,2621,171
271,LINK,3,1,1,20.002621,M.USER.APP.1,3561.3590770000083,2621,171
342,LINK,4,3,1,25.002621,M.USER.APP.1,3564,2621,172
343,LINK,0,3,1,25.002621,M.USER.APP.1,3576,2621,172
344,LINK,4,3,1,25.002621,M.USER.APP.1,3584,2621,173
274,LINK,3,1,1,20.002621,M.USER.APP.1,3584.3564560000086,2621,173
273,LINK,3,1,1,20.002621,M.USER.APP.1,3586.3616980000083,2621,173
345,LINK,0,3,1,25.002621,M.USER.APP.1,3596,2621,173
346,LINK,4,3,1,25.002621,M.USER.APP.1,3604,2621,174
276,LINK,3,1,1,20.002621,M.USER.APP.1,3609.3590770000087,2621,174
275,LINK,3,1,1,20.002621,M.USER.APP.1,3611.3643190000084,2621,173
347,LINK,0,3,1,25.002621,M.USER.APP.1,3616,2621,174
348,LINK,4,3,1,25.002621,M.USER.APP.1,3624,2621,175
278,LINK,3,1,1,20.002621,M.USER.APP.1,3634.361698000009,2621,174
349,LINK,0,3,1,25.002621,M.USER.APP.1,3636,2621,175
277,LINK,3,1,1,20.002621,M.USER.APP.1,3636.3669400000085,2621,175
350,LINK,4,3,1,25.002621,M.USER.APP.1,3644,2621,176
351,LINK,0,3,1,25.002621,M.USER.APP.1,3656,2621,176
280,LINK,3,1,1,20.002621,M.USER.APP.1,3659.364319000009,2621,176
279,LINK,3,1,1,20.002621,M.USER.APP.1,3661.3695610000086,2621,176
352,LINK,4,3,1,25.002621,M.USER.APP.1,3664,2621,177
353,LINK,0,3,1,25.002621,M.USER.APP.1,3676,2621,177
354,LINK,4,3,1,25.002621,M.USER.APP.1,3684,2621,178
282,LINK,3,1,1,20.002621,M.USER.APP.1,3684.366940000009,2621,178
281,LINK,3,1,1,20.002621,M.USER.APP.1,3686.3721820000087,2621,178
355,LINK,0,3,1,25.002621,M.USER.APP.1,3696,2621,178
356,LINK,4,3,1,25.002621,M.USER.APP.1,3704,2621,179
284,LINK,3,1,1,20.002621,M.USER.APP.1,3709.369561000009,2621,179
283,LINK,3,1,1,20.002621,M.USER.APP.1,3711.374803000009,2621,178
357,LINK,0,3,1,25.002621,M.USER.APP.1,3716,2621,179
358,LINK,4,3,1,25.002621,M.USER.APP.1,3724,2621,180
286,LINK,3,1,1,20.002621,M.USER.APP.1,3734.372182000009,2621,179
359,LINK,0,3,1,25.002621,M.USER.APP.1,3736,2621,180
285,LINK,3,1,1,20.002621,M.USER.APP.1,3736.377424000009,2621,180
360,LINK,4,3,1,25.002621,M.USER.APP.1,3744,2621,181
361,LINK,0,3,1,25.002621,M.USER.APP.1,3756,2621,181
288,LINK,3,1,1,20.002621,M.USER.APP.1,3759.3748030000093,2621,181
287,LINK,3,1,1,20.002621,M.USER.APP.1,3761.380045000009,2621,181
362,LINK,4,3,1,25.002621,M.USER.APP.1,3764,2621,182
363,LINK,0,3,1,25.002621,M.USER.APP.1,3776,2621,182
364,LINK,4,3,1,25.002621,M.USER.APP.1,3784,2621,183
290,LINK,3,1,1,20.002621,M.USER.APP.1,3784.3774240000093,2621,183
289,LINK,3,1,1,20.002621,M.USER.APP.1,3786.382666000009,2621,183
365,LINK,0,3,1,25.002621,M.USER.APP.1,3796,2621,183
366,LINK,4,3,1,25.002621,M.USER.APP.1,3804,2621,184
292,LINK,3,1,1,20.002621,M.USER.APP.1,3809.3800450000094,2621,184
291,LINK,3,1,1,20.002621,M.USER.APP.1,3811.385287000009,2621,183
367,LINK,0,3,1,25.002621,M.USER.APP.1,3816,2621,184
368,LINK,4,3,1,25.002621,M.USER.APP.1,3824,2621,185
294,LINK,3,1,1,20.002621,M.USER.APP.1,3834.3826660000095,2621,184
369,LINK,0,3,1,25.002621,M.USER.APP.1,3836,2621,185
293,LINK,3,1,1,20.002621,M.USER.APP.1,3836.3879080000092,2621,185
370,LINK,4,3,1,25.002621,M.USER.APP.1,3844,2621,186
371,LINK,0,3,1,25.002621,M.USER.APP.1,3856,2621,186
296,LINK,3,1,1,20.002621,M.USER.APP.1,3859.3852870000096,2621,186
295,LINK,3,1,1,20.002621,M.USER.APP.1,3861.3905290000093,2621,186
372,LINK,4,3,1,25.002621,M.USER.APP.1,3864,2621,187
373,LINK,0,3,1,25.002621,M.USER.APP.1,3876,2621,187
374,LINK,4,3,1,25.002621,M.USER.APP.1,3884,2621,188
298,LINK,3,1,1,20.002621,M.USER.APP.1,3884.3879080000097,2621,188
297,LINK,3,1,1,20.002621,M.USER.APP.1,3886.3931500000094,2621,188
375,LINK,0,3,1,25.002621,M.USER.APP.1,3896,2621,188
376,LINK,4,3,1,25.002621,M.USER.APP.1,3904,2621,189
300,LINK,3,1,1,20.002621,M.USER.APP.1,3909.39052900001,2621,189
299,LINK,3,1,1,20.002621,M.USER.APP.1,3911.3957710000095,2621,188
377,LINK,0,3,1,25.002621,M.USER.APP.1,3916,2621,189
378,LINK,4,3,1,25.002621,M.USER.APP.1,3924,2621,190
302,LINK,3,1,1,20.002621,M.USER.APP.1,3934.39315000001,2621,189
379,LINK,0,3,1,25.002621,M.USER.APP.1,3936,2621,190
301,LINK,3,1,1,20.002621,M.USER.APP.1,3936.3983920000096,2621,190
380,LINK,4,3,1,25.002621,M.USER.APP.1,3944,2621,191
381,LINK,0,3,1,25.002621,M.USER.APP.1,3956,2621,191
304,LINK,3,1,1,20.002621,M.USER.APP.1,3959.39577100001,2621,191
303,LINK,3,1,1,20.002621,M.USER.APP.1,3961.4010130000097,2621,191
382,LINK,4,3,1,25.002621,M.USER.APP.1,3964,2621,192
383,LINK,0,3,1,25.002621,M.USER.APP.1,3976,2621,192
384,LINK,4,3,1,25.002621,M.USER.APP.1,3984,2621,193
306,LINK,3,1,1,20.002621,M.USER.APP.1,3984.39839200001,2621,193
305,LINK,3,1,1,20.002621,M.USER.APP.1,3986.40363400001,2621,193
385,LINK,0,3,1,25.002621,M.USER.APP.1,3996,2621,193
386,LINK,4,3,1,25.002621,M.USER.APP.1,4004,2621,194
308,LINK,3,1,1,20.002621,M.USER.APP.1,4009.40101300001,2621,194
307,LINK,3,1,1,20.002621,M.USER.APP.1,4011.40625500001,2621,193
387,LINK,0,3,1,25.002621,M.USER.APP.1,4016,2621,194
388,LINK,4,3,1,25.002621,M.USER.APP.1,4024,2621,195
310,LINK,3,1,1,20.002621,M.USER.APP.1,4034.4036340000102,2621,194
389,LINK,0,3,1,25.002621,M.USER.APP.1,4036,2621,195
309,LINK,3,1,1,20.002621,M.USER.APP.1,4036.40887600001,2621,195
390,LINK,4,3,1,25.002621,M.USER.APP.1,4044,2621,196
391,LINK,0,3,1,25.002621,M.USER.APP.1,4056,2621,196
312,LINK,3,1,1,20.002621,M.USER.APP.1,4059.4062550000103,2621,196
311,LINK,3,1,1,20.002621,M.USER.APP.1,4061.41149700001,2621,196
392,LINK,4,3,1,25.002621,M.USER.APP.1,4064,2621,197
393,LINK,0,3,1,25.002621,M.USER.APP.1,4076,2621,197
394,LINK,4,3,1,25.002621,M.USER.APP.1,4084,2621,198
314,LINK,3,1,1,20.002621,M.USER.APP.1,4084.4088760000104,2621,198
313,LINK,3,1,1,20.002621,M.USER.APP.1,4086.41411800001,2621,198
395,LINK,0,3,1,25.002621,M.USER.APP.1,4096,2621,198
396,LINK,4,3,1,25.002621,M.USER.APP.1,4104,2621,199
316,LINK,3,1,1,20.002621,M.USER.APP.1,4109.41149700001,2621,199
315,LINK,3,1,1,20.002621,M.USER.APP.1,4111.41673900001,2621,198
397,LINK,0,3,1,25.002621,M.USER.APP.1,4116,2621,199
398,LINK,4,3,1,25.002621,M.USER.APP.1,4124,2621,200
318,LINK,3,1,1,20.002621,M.USER.APP.1,4134.41411800001,2621,199
399,LINK,0,3,1,25.002621,M.USER.APP.1,4136,2621,200
317,LINK,3,1,1,20.002621,M.USER.APP.1,4136.41936000001,2621,200
400,LINK,4,3,1,25.002621,M.USER.APP.1,4144,2621,201
401,LINK,0,3,1,25.002621,M.USER.APP.1,4156,2621,201
320,LINK,3,1,1,20.002621,M.USER.APP.1,4159.416739000009,2621,201
319,LINK,3,1,1,20.002621,M.USER.APP.1,4161.4219810000095,2621,201
402,LINK,4,3,1,25.002621,M.USER.APP.1,4164,2621,202
403,LINK,0,3,1,25.002621,M.USER.APP.1,4176,2621,202
404,LINK,4,3,1,25.002621,M.USER.APP.1,4184,2621,203
322,LINK,3,1,1,20.002621,M.USER.APP.1,4184.419360000009,2621,203
321,LINK,3,1,1,20.002621,M.USER.APP.1,4186.424602000009,2621,203
405,LINK,0,3,1,25.002621,M.USER.APP.1,4196,2621,203
406,LINK,4,3,1,25.002621,M.USER.APP.1,4204,2621,204
324,LINK,3,1,1,20.002621,M.USER.APP.1,4209.421981000009,2621,204
323,LINK,3,1,1,20.002621,M.USER.APP.1,4211.427223000009,2621,203
407,LINK,0,3,1,25.002621,M.USER.APP.1,4216,2621,204
408,LINK,4,3,1,25.002621,M.USER.APP.1,4224,2621,205
326,LINK,3,1,1,20.002621,M.USER.APP.1,4234.424602000008,2621,204
409,LINK,0,3,1,25.002621,M.USER.APP.1,4236,2621,205
325,LINK,3,1,1,20.002621,M.USER.APP.1,4236.429844000008,2621,205
410,LINK,4,3,1,25.002621,M.USER.APP.1,4244,2621,206
411,LINK,0,3,1,25.002621,M.USER.APP.1,4256,2621,206
328,LINK,3,1,1,20.002621,M.USER.APP.1,4259.427223000008,2621,206
327,LINK,3,1,1,20.002621,M.USER.APP.1,4261.432465000008,2621,206
412,LINK,4,3,1,25.002621,M.USER.APP.1,4264,2621,207
413,LINK,0,3,1,25.002621,M.USER.APP.1,4276,2621,207
414,LINK,4,3,1,25.002621,M.USER.APP.1,4284,2621,208
330,LINK,3,1,1,20.002621,M.USER.APP.1,4284.4298440000075,2621,208
329,LINK,3,1,1,20.002621,M.USER.APP.1,4286.435086000008,2621,208
415,LINK,0,3,1,25.002621,M.USER.APP.1,4296,2621,208
416,LINK,4,3,1,25.002621,M.USER.APP.1,4304,2621,209
332,LINK,3,1,1,20.002621,M.USER.APP.1,4309.432465000007,2621,209
331,LINK,3,1,1,20.002621,M.USER.APP.1,4311.437707000007,2621,208
417,LINK,0,3,1,25.002621,M.USER.APP.1,4316,2621,209
418,LINK,4,3,1,25.002621,M.USER.APP.1,4324,2621,210
334,LINK,3,1,1,20.002621,M.USER.APP.1,4334.435086000007,2621,209
419,LINK,0,3,1,25.002621,M.USER.APP.1,4336,2621,210
333,LINK,3,1,1,20.002621,M.USER.APP.1,4336.440328000007,2621,210
420,LINK,4,3,1,25.002621,M.USER.APP.1,4344,2621,211
421,LINK,0,3,1,25.002621,M.USER.APP.1,4356,2621,211
336,LINK,3,1,1,20.002621,M.USER.APP.1,4359.437707000006,2621,211
335,LINK,3,1,1,20.002621,M.USER.APP.1,4361.442949000007,2621,211
422,LINK,4,3,1,25.002621,M.USER.APP.1,4364,2621,212
423,LINK,0,3,1,25.002621,M.USER.APP.1,4376,2621,212
424,LINK,4,3,1,25.002621,M.USER.APP.1,4384,2621,213
338,LINK,3,1,1,20.002621,M.USER.APP.1,4384.440328000006,2621,213
337,LINK,3,1,1,20.002621,M.USER.APP.1,4386.445570000006,2621,213
425,LINK,0,3,1,25.002621,M.USER.APP.1,4396,2621,213
426,LINK,4,3,1,25.002621,M.USER.APP.1,4404,2621,214
340,LINK,3,1,1,20.002621,M.USER.APP.1,4409.442949000006,2621,214
339,LINK,3,1,1,20.002621,M.USER.APP.1,4411.448191000006,2621,213
427,LINK,0,3,1,25.002621,M.USER.APP.1,4416,2621,214
428,LINK,4,3,1,25.002621,M.USER.APP.1,4424,2621,215
342,LINK,3,1,1,20.002621,M.USER.APP.1,4434.445570000005,2621,214
429,LINK,0,3,1,25.002621,M.USER.APP.1,4436,2621,215
341,LINK,3,1,1,20.002621,M.USER.APP.1,4436.4508120000055,2621,215
430,LINK,4,3,1,25.002621,M.USER.APP.1,4444,2621,216
431,LINK,0,3,1,25.002621,M.USER.APP.1,4456,2621,216
344,LINK,3,1,1,20.002621,M.USER.APP.1,4459.448191000005,2621,216
343,LINK,3,1,1,20.002621,M.USER.APP.1,4461.453433000005,2621,216
432,LINK,4,3,1,25.002621,M.USER.APP.1,4464,2621,217
433,LINK,0,3,1,25.002621,M.USER.APP.1,4476,2621,217
434,LINK,4,3,1,25.002621,M.USER.APP.1,4484,2621,218
346,LINK,3,1,1,20.002621,M.USER.APP.1,4484.450812000005,2621,218
345,LINK,3,1,1,20.002621,M.USER.APP.1,4486.456054000005,2621,218
435,LINK,0,3,1,25.002621,M.USER.APP.1,4496,2621,218
436,LINK,4,3,1,25.002621,M.USER.APP.1,4504,2621,219
348,LINK,3,1,1,20.002621,M.USER.APP.1,4509.453433000004,2621,219
347,LINK,3,1,1,20.002621,M.USER.APP.1,4511.458675000004,2621,218
437,LINK,0,3,1,25.002621,M.USER.APP.1,4516,2621,219
438,LINK,4,3,1,25.002621,M.USER.APP.1,4524,2621,220
350,LINK,3,1,1,20.002621,M.USER.APP.1,4534.456054000004,2621,219
439,LINK,0,3,1,25.002621,M.USER.APP.1,4536,2621,220
349,LINK,3,1,1,20.002621,M.USER.APP.1,4536.461296000004,2621,220
440,LINK,4,3,1,25.002621,M.USER.APP.1,4544,2621,221
441,LINK,0,3,1,25.002621,M.USER.APP.1,4556,2621,221
352,LINK,3,1,1,20.002621,M.USER.APP.1,4559.4586750000035,2621,221
351,LINK,3,1,1,20.002621,M.USER.APP.1,4561.463917000004,2621,221
442,LINK,4,3,1,25.002621,M.USER.APP.1,4564,2621,222
443,LINK,0,3,1,25.002621,M.USER.APP.1,4576,2621,222
444,LINK,4,3,1,25.002621,M.USER.APP.1,4584,2621,223
354,LINK,3,1,1,20.002621,M.USER.APP.1,4584.461296000003,2621,223
353,LINK,3,1,1,20.002621,M.USER.APP.1,4586.466538000003,2621,223
445,LINK,0,3,1,25.002621,M.USER.APP.1,4596,2621,223
446,LINK,4,3,1,25.002621,M.USER.APP.1,4604,2621,224
356,LINK,3,1,1,20.002621,M.USER.APP.1,4609.463917000003,2621,224
355,LINK,3,1,1,20.002621,M.USER.APP.1,4611.469159000003,2621,223
447,LINK,0,3,1,25.002621,M.USER.APP.1,4616,2621,224
448,LINK,4,3,1,25.002621,M.USER.APP.1,4624,2621,225
358,LINK,3,1,1,20.002621,M.USER.APP.1,4634.466538000002,2621,224
449,LINK,0,3,1,25.002621,M.USER.APP.1,4636,2621,225
357,LINK,3,1,1,20.002621,M.USER.APP.1,4636.471780000003,2621,225
450,LINK,4,3,1,25.002621,M.USER.APP.1,4644,2621,226
451,LINK,0,3,1,25.002621,M.USER.APP.1,4656,2621,226
360,LINK,3,1,1,20.002621,M.USER.APP.1,4659.469159000002,2621,226
359,LINK,3,1,1,20.002621,M.USER.APP.1,4661.474401000002,2621,226
452,LINK,4,3,1,25.002621,M.USER.APP.1,4664,2621,227
453,LINK,0,3,1,25.002621,M.USER.APP.1,4676,2621,227
454,LINK,4,3,1,25.002621,M.USER.APP.1,4684,2621,228
362,LINK,3,1,1,20.002621,M.USER.APP.1,4684.471780000002,2621,228
361,LINK,3,1,1,20.002621,M.USER.APP.1,4686.477022000002,2621,228
455,LINK,0,3,1,25.002621,M.USER.APP.1,4696,2621,228
456,LINK,4,3,1,25.002621,M.USER.APP.1,4704,2621,229
364,LINK,3,1,1,20.002621,M.USER.APP.1,4709.474401000001,2621,229
363,LINK,3,1,1,20.002621,M.USER.APP.1,4711.4796430000015,2621,228
457,LINK,0,3,1,25.002621,M.USER.APP.1,4716,2621,229
458,LINK,4,3,1,25.002621,M.USER.APP.1,4724,2621,230
366,LINK,3,1,1,20.002621,M.USER.APP.1,4734.477022000001,2621,229
459,LINK,0,3,1,25.002621,M.USER.APP.1,4736,2621,230
365,LINK,3,1,1,20.002621,M.USER.APP.1,4736.482264000001,2621,230
460,LINK,4,3,1,25.002621,M.USER.APP.1,4744,2621,231
461,LINK,0,3,1,25.002621,M.USER.APP.1,4756,2621,231
368,LINK,3,1,1,20.002621,M.USER.APP.1,4759.479643000001,2621,231
367,LINK,3,1,1,20.002621,M.USER.APP.1,4761.484885000001,2621,231
462,LINK,4,3,1,25.002621,M.USER.APP.1,4764,2621,232
463,LINK,0,3,1,25.002621,M.USER.APP.1,4776,2621,232
464,LINK,4,3,1,25.002621,M.USER.APP.1,4784,2621,233
370,LINK,3,1,1,20.002621,M.USER.APP.1,4784.482264,2621,233
369,LINK,3,1,1,20.002621,M.USER.APP.1,4786.487506,2621,233
465,LINK,0,3,1,25.002621,M.USER.APP.1,4796,2621,233
466,LINK,4,3,1,25.002621,M.USER.APP.1,4804,2621,234
372,LINK,3,1,1,20.002621,M.USER.APP.1,4809.484885,2621,234
371,LINK,3,1,1,20.002621,M.USER.APP.1,4811.490127,2621,233
467,LINK,0,3,1,25.002621,M.USER.APP.1,4816,2621,234
468,LINK,4,3,1,25.002621,M.USER.APP.1,4824,2621,235
374,LINK,3,1,1,20.002621,M.USER.APP.1,4834.4875059999995,2621,234
469,LINK,0,3,1,25.002621,M.USER.APP.1,4836,2621,235
373,LINK,3,1,1,20.002621,M.USER.APP.1,4836.492748,2621,235
470,LINK,4,3,1,25.002621,M.USER.APP.1,4844,2621,236
471,LINK,0,3,1,25.002621,M.USER.APP.1,4856,2621,236
376,LINK,3,1,1,20.002621,M.USER.APP.1,4859.490126999999,2621,236
375,LINK,3,1,1,20.002621,M.USER.APP.1,4861.495368999999,2621,236
472,LINK,4,3,1,25.002621,M.USER.APP.1,4864,2621,237
473,LINK,0,3,1,25.002621,M.USER.APP.1,4876,2621,237
474,LINK,4,3,1,25.002621,M.USER.APP.1,4884,2621,238
378,LINK,3,1,1,20.002621,M.USER.APP.1,4884.492747999999,2621,238
377,LINK,3,1,1,20.002621,M.USER.APP.1,4886.497989999999,2621,238
475,LINK,0,3,1,25.002621,M.USER.APP.1,4896,2621,238
476,LINK,4,3,1,25.002621,M.USER.APP.1,4904,2621,239
380,LINK,3,1,1,20.002621,M.USER.APP.1,4909.495368999998,2621,239
379,LINK,3,1,1,20.002621,M.USER.APP.1,4911.500610999999,2621,238
477,LINK,0,3,1,25.002621,M.USER.APP.1,4916,2621,239
478,LINK,4,3,1,25.002621,M.USER.APP.1,4924,2621,240
382,LINK,3,1,1,20.002621,M.USER.APP.1,4934.497989999998,2621,239
479,LINK,0,3,1,25.002621,M.USER.APP.1,4936,2621,240
381,LINK,3,1,1,20.002621,M.USER.APP.1,4936.503231999998,2621,240
480,LINK,4,3,1,25.002621,M.USER.APP.1,4944,2621,241
481,LINK,0,3,1,25.002621,M.USER.APP.1,4956,2621,241
384,LINK,3,1,1,20.002621,M.USER.APP.1,4959.500610999998,2621,241
383,LINK,3,1,1,20.002621,M.USER.APP.1,4961.505852999998,2621,241
482,LINK,4,3,1,25.002621,M.USER.APP.1,4964,2621,242
483,LINK,0,3,1,25.002621,M.USER.APP.1,4976,2621,242
484,LINK,4,3,1,25.002621,M.USER.APP.1,4984,2621,243
386,LINK,3,1,1,20.002621,M.USER.APP.1,4984.503231999997,2621,243
385,LINK,3,1,1,20.002621,M.USER.APP.1,4986.5084739999975,2621,243
485,LINK,0,3,1,25.002621,M.USER.APP.1,4996,2621,243
486,LINK,4,3,1,25.002621,M.USER.APP.1,5004,2621,244
388,LINK,3,1,1,20.002621,M.USER.APP.1,5009.505852999997,2621,244
387,LINK,3,1,1,20.002621,M.USER.APP.1,5011.511094999997,2621,243
487,LINK,0,3,1,25.002621,M.USER.APP.1,5016,2621,244
488,LINK,4,3,1,25.002621,M.USER.APP.1,5024,2621,245
390,LINK,3,1,1,20.002621,M.USER.APP.1,5034.508473999997,2621,244
489,LINK,0,3,1,25.002621,M.USER.APP.1,5036,2621,245
389,LINK,3,1,1,20.002621,M.USER.APP.1,5036.513715999997,2621,245
490,LINK,4,3,1,25.002621,M.USER.APP.1,5044,2621,246
491,LINK,0,3,1,25.002621,M.USER.APP.1,5056,2621,246
392,LINK,3,1,1,20.002621,M.USER.APP.1,5059.511094999996,2621,246
391,LINK,3,1,1,20.002621,M.USER.APP.1,5061.516336999996,2621,246
492,LINK,4,3,1,25.002621,M.USER.APP.1,5064,2621,247
493,LINK,0,3,1,25.002621,M.USER.APP.1,5076,2621,247
494,LINK,4,3,1,25.002621,M.USER.APP.1,5084,2621,248
394,LINK,3,1,1,20.002621,M.USER.APP.1,5084.513715999996,2621,248
393,LINK,3,1,1,20.002621,M.USER.APP.1,5086.518957999996,2621,248
495,LINK,0,3,1,25.002621,M.USER.APP.1,5096,2621,248
496,LINK,4,3,1,25.002621,M.USER.APP.1,5104,2621,249
396,LINK,3,1,1,20.002621,M.USER.APP.1,5109.5163369999955,2621,249
395,LINK,3,1,1,20.002621,M.USER.APP.1,5111.521578999996,2621,248
497,LINK,0,3,1,25.002621,M.USER.APP.1,5116,2621,249
498,LINK,4,3,1,25.002621,M.USER.APP.1,5124,2621,250
398,LINK,3,1,1,20.002621,M.USER.APP.1,5134.518957999995,2621,249
499,LINK,0,3,1,25.002621,M.USER.APP.1,5136,2621,250
397,LINK,3,1,1,20.002621,M.USER.APP.1,5136.524199999995,2621,250
500,LINK,4,3,1,25.002621,M.USER.APP.1,5144,2621,251
501,LINK,0,3,1,25.002621,M.USER.APP.1,5156,2621,251
400,LINK,3,1,1,20.002621,M.USER.APP.1,5159.521578999995,2621,251
399,LINK,3,1,1,20.002621,M.USER.APP.1,5161.526820999996,2621,251
502,LINK,4,3,1,25.002621,M.USER.APP.1,5164,2621,252
503,LINK,0,3,1,25.002621,M.USER.APP.1,5176,2621,252
504,LINK,4,3,1,25.002621,M.USER.APP.1,5184,2621,253
402,LINK,3,1,1,20.002621,M.USER.APP.1,5184.524199999994,2621,253
401,LINK,3,1,1,20.002621,M.USER.APP.1,5186.5294419999955,2621,253
505,LINK,0,3,1,25.002621,M.USER.APP.1,5196,2621,253
506,LINK,4,3,1,25.002621,M.USER.APP.1,5204,2621,254
404,LINK,3,1,1,20.002621,M.USER.APP.1,5209.526820999994,2621,254
403,LINK,3,1,1,20.002621,M.USER.APP.1,5211.532062999995,2621,253
507,LINK,0,3,1,25.002621,M.USER.APP.1,5216,2621,254
508,LINK,4,3,1,25.002621,M.USER.APP.1,5224,2621,255
406,LINK,3,1,1,20.002621,M.USER.APP.1,5234.529441999994,2621,254
509,LINK,0,3,1,25.002621,M.USER.APP.1,5236,2621,255
405,LINK,3,1,1,20.002621,M.USER.APP.1,5236.534683999995,2621,255
510,LINK,4,3,1,25.002621,M.USER.APP.1,5244,2621,256
511,LINK,0,3,1,25.002621,M.USER.APP.1,5256,2621,256
408,LINK,3,1,1,20.002621,M.USER.APP.1,5259.532062999993,2621,256
407,LINK,3,1,1,20.002621,M.USER.APP.1,5261.537304999994,2621,256
512,LINK,4,3,1,25.002621,M.USER.APP.1,5264,2621,257
513,LINK,0,3,1,25.002621,M.USER.APP.1,5276,2621,257
514,LINK,4,3,1,25.002621,M.USER.APP.1,5284,2621,258
410,LINK,3,1,1,20.002621,M.USER.APP.1,5284.534683999993,2621,258
409,LINK,3,1,1,20.002621,M.USER.APP.1,5286.539925999994,2621,258
515,LINK,0,3,1,25.002621,M.USER.APP.1,5296,2621,258
516,LINK,4,3,1,25.002621,M.USER.APP.1,5304,2621,259
412,LINK,3,1,1,20.002621,M.USER.APP.1,5309.537304999993,2621,259
411,LINK,3,1,1,20.002621,M.USER.APP.1,5311.542546999994,2621,258
517,LINK,0,3,1,25.002621,M.USER.APP.1,5316,2621,259
518,LINK,4,3,1,25.002621,M.USER.APP.1,5324,2621,260
414,LINK,3,1,1,20.002621,M.USER.APP.1,5334.539925999992,2621,259
519,LINK,0,3,1,25.002621,M.USER.APP.1,5336,2621,260
413,LINK,3,1,1,20.002621,M.USER.APP.1,5336.545167999993,2621,260
520,LINK,4,3,1,25.002621,M.USER.APP.1,5344,2621,261
521,LINK,0,3,1,25.002621,M.USER.APP.1,5356,2621,261
416,LINK,3,1,1,20.002621,M.USER.APP.1,5359.542546999992,2621,261
415,LINK,3,1,1,20.002621,M.USER.APP.1,5361.547788999993,2621,261
522,LINK,4,3,1,25.002621,M.USER.APP.1,5364,2621,262
523,LINK,0,3,1,25.002621,M.USER.APP.1,5376,2621,262
524,LINK,4,3,1,25.002621,M.USER.APP.1,5384,2621,263
418,LINK,3,1,1,20.002621,M.USER.APP.1,5384.5451679999915,2621,263
417,LINK,3,1,1,20.002621,M.USER.APP.1,5386.550409999993,2621,263
525,LINK,0,3,1,25.002621,M.USER.APP.1,5396,2621,263
526,LINK,4,3,1,25.002621,M.USER.APP.1,5404,2621,264
420,LINK,3,1,1,20.002621,M.USER.APP.1,5409.547788999991,2621,264
419,LINK,3,1,1,20.002621,M.USER.APP.1,5411.553030999992,2621,263
527,LINK,0,3,1,25.002621,M.USER.APP.1,5416,2621,264
528,LINK,4,3,1,25.002621,M.USER.APP.1,5424,2621,265
422,LINK,3,1,1,20.002621,M.USER.APP.1,5434.550409999991,2621,264
529,LINK,0,3,1,25.002621,M.USER.APP.1,5436,2621,265
421,LINK,3,1,1,20.002621,M.USER.APP.1,5436.555651999992,2621,265
530,LINK,4,3,1,25.002621,M.USER.APP.1,5444,2621,266
531,LINK,0,3,1,25.002621,M.USER.APP.1,5456,2621,266
424,LINK,3,1,1,20.002621,M.USER.APP.1,5459.55303099999,2621,266
423,LINK,3,1,1,20.002621,M.USER.APP.1,5461.5582729999915,2621,266
532,LINK,4,3,1,25.002621,M.USER.APP.1,5464,2621,267
533,LINK,0,3,1,25.002621,M.USER.APP.1,5476,2621,267
534,LINK,4,3,1,25.002621,M.USER.APP.1,5484,2621,268
426,LINK,3,1,1,20.002621,M.USER.APP.1,5484.55565199999,2621,268
425,LINK,3,1,1,20.002621,M.USER.APP.1,5486.560893999991,2621,268
535,LINK,0,3,1,25.002621,M.USER.APP.1,5496,2621,268
536,LINK,4,3,1,25.002621,M.USER.APP.1,5504,2621,269
428,LINK,3,1,1,20.002621,M.USER.APP.1,5509.55827299999,2621,269
427,LINK,3,1,1,20.002621,M.USER.APP.1,5511.563514999991,2621,268
537,LINK,0,3,1,25.002621,M.USER.APP.1,5516,2621,269
538,LINK,4,3,1,25.002621,M.USER.APP.1,5524,2621,270
430,LINK,3,1,1,20.002621,M.USER.APP.1,5534.560893999989,2621,269
539,LINK,0,3,1,25.002621,M.USER.APP.1,5536,2621,270
429,LINK,3,1,1,20.002621,M.USER.APP.1,5536.56613599999,2621,270
540,LINK,4,3,1,25.002621,M.USER.APP.1,5544,2621,271
541,LINK,0,3,1,25.002621,M.USER.APP.1,5556,2621,271
432,LINK,3,1,1,20.002621,M.USER.APP.1,5559.563514999989,2621,271
431,LINK,3,1,1,20.002621,M.USER.APP.1,5561.56875699999,2621,271
542,LINK,4,3,1,25.002621,M.USER.APP.1,5564,2621,272
543,LINK,0,3,1,25.002621,M.USER.APP.1,5576,2621,272
544,LINK,4,3,1,25.002621,M.USER.APP.1,5584,2621,273
434,LINK,3,1,1,20.002621,M.USER.APP.1,5584.566135999989,2621,273
433,LINK,3,1,1,20.002621,M.USER.APP.1,5586.57137799999,2621,273
545,LINK,0,3,1,25.002621,M.USER.APP.1,5596,2621,273
546,LINK,4,3,1,25.002621,M.USER.APP.1,5604,2621,274
436,LINK,3,1,1,20.002621,M.USER.APP.1,5609.568756999988,2621,274
435,LINK,3,1,1,20.002621,M.USER.APP.1,5611.573998999989,2621,273
547,LINK,0,3,1,25.002621,M.USER.APP.1,5616,2621,274
548,LINK,4,3,1,25.002621,M.USER.APP.1,5624,2621,275
438,LINK,3,1,1,20.002621,M.USER.APP.1,5634.571377999988,2621,274
549,LINK,0,3,1,25.002621,M.USER.APP.1,5636,2621,275
437,LINK,3,1,1,20.002621,M.USER.APP.1,5636.576619999989,2621,275
550,LINK,4,3,1,25.002621,M.USER.APP.1,5644,2621,276
551,LINK,0,3,1,25.002621,M.USER.APP.1,5656,2621,276
440,LINK,3,1,1,20.002621,M.USER.APP.1,5659.573998999987,2621,276
439,LINK,3,1,1,20.002621,M.USER.APP.1,5661.5792409999885,2621,276
552,LINK,4,3,1,25.002621,M.USER.APP.1,5664,2621,277
553,LINK,0,3,1,25.002621,M.USER.APP.1,5676,2621,277
554,LINK,4,3,1,25.002621,M.USER.APP.1,5684,2621,278
442,LINK,3,1,1,20.002621,M.USER.APP.1,5684.576619999987,2621,278
441,LINK,3,1,1,20.002621,M.USER.APP.1,5686.581861999988,2621,278
555,LINK,0,3,1,25.002621,M.USER.APP.1,5696,2621,278
556,LINK,4,3,1,25.002621,M.USER.APP.1,5704,2621,279
444,LINK,3,1,1,20.002621,M.USER.APP.1,5709.579240999987,2621,279
443,LINK,3,1,1,20.002621,M.USER.APP.1,5711.584482999988,2621,278
557,LINK,0,3,1,25.002621,M.USER.APP.1,5716,2621,279
558,LINK,4,3,1,25.002621,M.USER.APP.1,5724,2621,280
446,LINK,3,1,1,20.002621,M.USER.APP.1,5734.581861999986,2621,279
559,LINK,0,3,1,25.002621,M.USER.APP.1,5736,2621,280
445,LINK,3,1,1,20.002621,M.USER.APP.1,5736.587103999987,2621,280
560,LINK,4,3,1,25.002621,M.USER.APP.1,5744,2621,281
561,LINK,0,3,1,25.002621,M.USER.APP.1,5756,2621,281
448,LINK,3,1,1,20.002621,M.USER.APP.1,5759.584482999986,2621,281
447,LINK,3,1,1,20.002621,M.USER.APP.1,5761.589724999987,2621,281
562,LINK,4,3,1,25.002621,M.USER.APP.1,5764,2621,282
563,LINK,0,3,1,25.002621,M.USER.APP.1,5776,2621,282
564,LINK,4,3,1,25.002621,M.USER.APP.1,5784,2621,283
450,LINK,3,1,1,20.002621,M.USER.APP.1,5784.587103999986,2621,283
449,LINK,3,1,1,20.002621,M.USER.APP.1,5786.592345999987,2621,283
565,LINK,0,3,1,25.002621,M.USER.APP.1,5796,2621,283
566,LINK,4,3,1,25.002621,M.USER.APP.1,5804,2621,284
452,LINK,3,1,1,20.002621,M.USER.APP.1,5809.589724999985,2621,284
451,LINK,3,1,1,20.002621,M.USER.APP.1,5811.594966999986,2621,283
567,LINK,0,3,1,25.002621,M.USER.APP.1,5816,2621,284
568,LINK,4,3,1,25.002621,M.USER.APP.1,5824,2621,285
454,LINK,3,1,1,20.002621,M.USER.APP.1,5834.592345999985,2621,284
569,LINK,0,3,1,25.002621,M.USER.APP.1,5836,2621,285
453,LINK,3,1,1,20.002621,M.USER.APP.1,5836.597587999986,2621,285
570,LINK,4,3,1,25.002621,M.USER.APP.1,5844,2621,286
571,LINK,0,3,1,25.002621,M.USER.APP.1,5856,2621,286
456,LINK,3,1,1,20.002621,M.USER.APP.1,5859.5949669999845,2621,286
455,LINK,3,1,1,20.002621,M.USER.APP.1,5861.600208999986,2621,286
572,LINK,4,3,1,25.002621,M.USER.APP.1,5864,2621,287
573,LINK,0,3,1,25.002621,M.USER.APP.1,5876,2621,287
574,LINK,4,3,1,25.002621,M.USER.APP.1,5884,2621,288
458,LINK,3,1,1,20.002621,M.USER.APP.1,5884.597587999984,2621,288
457,LINK,3,1,1,20.002621,M.USER.APP.1,5886.602829999985,2621,288
575,LINK,0,3,1,25.002621,M.USER.APP.1,5896,2621,288
576,LINK,4,3,1,25.002621,M.USER.APP.1,5904,2621,289
460,LINK,3,1,1,20.002621,M.USER.APP.1,5909.600208999984,2621,289
459,LINK,3,1,1,20.002621,M.USER.APP.1,5911.605450999985,2621,288
577,LINK,0,3,1,25.002621,M.USER.APP.1,5916,2621,289
578,LINK,4,3,1,25.002621,M.USER.APP.1,5924,2621,290
462,LINK,3,1,1,20.002621,M.USER.APP.1,5934.602829999983,2621,289
579,LINK,0,3,1,25.002621,M.USER.APP.1,5936,2621,290
461,LINK,3,1,1,20.002621,M.USER.APP.1,5936.6080719999845,2621,290
580,LINK,4,3,1,25.002621,M.USER.APP.1,5944,2621,291
581,LINK,0,3,1,25.002621,M.USER.APP.1,5956,2621,291
464,LINK,3,1,1,20.002621,M.USER.APP.1,5959.605450999983,2621,291
463,LINK,3,1,1,20.002621,M.USER.APP.1,5961.610692999984,2621,291
582,LINK,4,3,1,25.002621,M.USER.APP.1,5964,2621,292
583,LINK,0,3,1,25.002621,M.USER.APP.1,5976,2621,292
584,LINK,4,3,1,25.002621,M.USER.APP.1,5984,2621,293
466,LINK,3,1,1,20.002621,M.USER.APP.1,5984.608071999983,2621,293
465,LINK,3,1,1,20.002621,M.USER.APP.1,5986.613313999984,2621,293
585,LINK,0,3,1,25.002621,M.USER.APP.1,5996,2621,293
586,LINK,4,3,1,25.002621,M.USER.APP.1,6004,2621,294
468,LINK,3,1,1,20.002621,M.USER.APP.1,6009.610692999982,2621,294
467,LINK,3,1,1,20.002621,M.USER.APP.1,6011.615934999983,2621,293
587,LINK,0,3,1,25.002621,M.USER.APP.1,6016,2621,294
588,LINK,4,3,1,25.002621,M.USER.APP.1,6024,2621,295
470,LINK,3,1,1,20.002621,M.USER.APP.1,6034.613313999982,2621,294
589,LINK,0,3,1,25.002621,M.USER.APP.1,6036,2621,295
469,LINK,3,1,1,20.002621,M.USER.APP.1,6036.618555999983,2621,295
590,LINK,4,3,1,25.002621,M.USER.APP.1,6044,2621,296
591,LINK,0,3,1,25.002621,M.USER.APP.1,6056,2621,296
472,LINK,3,1,1,20.002621,M.USER.APP.1,6059.615934999982,2621,296
471,LINK,3,1,1,20.002621,M.USER.APP.1,6061.621176999983,2621,296
592,LINK,4,3,1,25.002621,M.USER.APP.1,6064,2621,297
593,LINK,0,3,1,25.002621,M.USER.APP.1,6076,2621,297
594,LINK,4,3,1,25.002621,M.USER.APP.1,6084,2621,298
474,LINK,3,1,1,20.002621,M.USER.APP.1,6084.618555999981,2621,298
473,LINK,3,1,1,20.002621,M.USER.APP.1,6086.623797999982,2621,298
595,LINK,0,3,1,25.002621,M.USER.APP.1,6096,2621,298
596,LINK,4,3,1,25.002621,M.USER.APP.1,6104,2621,299
476,LINK,3,1,1,20.002621,M.USER.APP.1,6109.621176999981,2621,299
475,LINK,3,1,1,20.002621,M.USER.APP.1,6111.626418999982,2621,298
597,LINK,0,3,1,25.002621,M.USER.APP.1,6116,2621,299
598,LINK,4,3,1,25.002621,M.USER.APP.1,6124,2621,300
478,LINK,3,1,1,20.002621,M.USER.APP.1,6134.6237979999805,2621,299
599,LINK,0,3,1,25.002621,M.USER.APP.1,6136,2621,300
477,LINK,3,1,1,20.002621,M.USER.APP.1,6136.629039999982,2621,300
600,LINK,4,3,1,25.002621,M.USER.APP.1,6144,2621,301
601,LINK,0,3,1,25.002621,M.USER.APP.1,6156,2621,301
480,LINK,3,1,1,20.002621,M.USER.APP.1,6159.62641899998,2621,301
479,LINK,3,1,1,20.002621,M.USER.APP.1,6161.631660999981,2621,301
602,LINK,4,3,1,25.002621,M.USER.APP.1,6164,2621,302
603,LINK,0,3,1,25.002621,M.USER.APP.1,6176,2621,302
604,LINK,4,3,1,25.002621,M.USER.APP.1,6184,2621,303
482,LINK,3,1,1,20.002621,M.USER.APP.1,6184.62903999998,2621,303
481,LINK,3,1,1,20.002621,M.USER.APP.1,6186.634281999981,2621,303
605,LINK,0,3,1,25.002621,M.USER.APP.1,6196,2621,303
606,LINK,4,3,1,25.002621,M.USER.APP.1,6204,2621,304
484,LINK,3,1,1,20.002621,M.USER.APP.1,6209.631660999979,2621,304
483,LINK,3,1,1,20.002621,M.USER.APP.1,6211.6369029999805,2621,303
607,LINK,0,3,1,25.002621,M.USER.APP.1,6216,2621,304
608,LINK,4,3,1,25.002621,M.USER.APP.1,6224,2621,305
486,LINK,3,1,1,20.002621,M.USER.APP.1,6234.634281999979,2621,304
609,LINK,0,3,1,25.002621,M.USER.APP.1,6236,2621,305
485,LINK,3,1,1,20.002621,M.USER.APP.1,6236.63952399998,2621,305
610,LINK,4,3,1,25.002621,M.USER.APP.1,6244,2621,306
611,LINK,0,3,1,25.002621,M.USER.APP.1,6256,2621,306
488,LINK,3,1,1,20.002621,M.USER.APP.1,6259.636902999979,2621,306
487,LINK,3,1,1,20.002621,M.USER.APP.1,6261.64214499998,2621,306
612,LINK,4,3,1,25.002621,M.USER.APP.1,6264,2621,307
613,LINK,0,3,1,25.002621,M.USER.APP.1,6276,2621,307
614,LINK,4,3,1,25.002621,M.USER.APP.1,6284,2621,308
490,LINK,3,1,1,20.002621,M.USER.APP.1,6284.639523999978,2621,308
489,LINK,3,1,1,20.002621,M.USER.APP.1,6286.644765999979,2621,308
615,LINK,0,3,1,25.002621,M.USER.APP.1,6296,2621,308
616,LINK,4,3,1,25.002621,M.USER.APP.1,6304,2621,309
492,LINK,3,1,1,20.002621,M.USER.APP.1,6309.642144999978,2621,309
491,LINK,3,1,1,20.002621,M.USER.APP.1,6311.647386999979,2621,308
617,LINK,0,3,1,25.002621,M.USER.APP.1,6316,2621,309
618,LINK,4,3,1,25.002621,M.USER.APP.1,6324,2621,310
494,LINK,3,1,1,20.002621,M.USER.APP.1,6334.644765999978,2621,309
619,LINK,0,3,1,25.002621,M.USER.APP.1,6336,2621,310
493,LINK,3,1,1,20.002621,M.USER.APP.1,6336.650007999979,2621,310
620,LINK,4,3,1,25.002621,M.USER.APP.1,6344,2621,311
621,LINK,0,3,1,25.002621,M.USER.APP.1,6356,2621,311
496,LINK,3,1,1,20.002621,M.USER.APP.1,6359.647386999977,2621,311
495,LINK,3,1,1,20.002621,M.USER.APP.1,6361.652628999978,2621,311
622,LINK,4,3,1,25.002621,M.USER.APP.1,6364,2621,312
623,LINK,0,3,1,25.002621,M.USER.APP.1,6376,2621,312
624,LINK,4,3,1,25.002621,M.USER.APP.1,6384,2621,313
498,LINK,3,1,1,20.002621,M.USER.APP.1,6384.650007999977,2621,313
497,LINK,3,1,1,20.002621,M.USER.APP.1,6386.655249999978,2621,313
625,LINK,0,3,1,25.002621,M.USER.APP.1,6396,2621,313
626,LINK,4,3,1,25.002621,M.USER.APP.1,6404,2621,314
500,LINK,3,1,1,20.002621,M.USER.APP.1,6409.6526289999765,2621,314
499,LINK,3,1,1,20.002621,M.USER.APP.1,6411.657870999978,2621,313
627,LINK,0,3,1,25.002621,M.USER.APP.1,6416,2621,314
628,LINK,4,3,1,25.002621,M.USER.APP.1,6424,2621,315
502,LINK,3,1,1,20.002621,M.USER.APP.1,6434.655249999976,2621,314
629,LINK,0,3,1,25.002621,M.USER.APP.1,6436,2621,315
501,LINK,3,1,1,20.002621,M.USER.APP.1,6436.660491999977,2621,315
630,LINK,4,3,1,25.002621,M.USER.APP.1,6444,2621,316
631,LINK,0,3,1,25.002621,M.USER.APP.1,6456,2621,316
504,LINK,3,1,1,20.002621,M.USER.APP.1,6459.657870999976,2621,316
503,LINK,3,1,1,20.002621,M.USER.APP.1,6461.663112999977,2621,316
632,LINK,4,3,1,25.002621,M.USER.APP.1,6464,2621,317
633,LINK,0,3,1,25.002621,M.USER.APP.1,6476,2621,317
634,LINK,4,3,1,25.002621,M.USER.APP.1,6484,2621,318
506,LINK,3,1,1,20.002621,M.USER.APP.1,6484.660491999975,2621,318
505,LINK,3,1,1,20.002621,M.USER.APP.1,6486.6657339999765,2621,318
635,LINK,0,3,1,25.002621,M.USER.APP.1,6496,2621,318
636,LINK,4,3,1,25.002621,M.USER.APP.1,6504,2621,319
508,LINK,3,1,1,20.002621,M.USER.APP.1,6509.663112999975,2621,319
507,LINK,3,1,1,20.002621,M.USER.APP.1,6511.668354999976,2621,318
637,LINK,0,3,1,25.002621,M.USER.APP.1,6516,2621,319
638,LINK,4,3,1,25.002621,M.USER.APP.1,6524,2621,320
510,LINK,3,1,1,20.002621,M.USER.APP.1,6534.665733999975,2621,319
639,LINK,0,3,1,25.002621,M.USER.APP.1,6536,2621,320
509,LINK,3,1,1,20.002621,M.USER.APP.1,6536.670975999976,2621,320
640,LINK,4,3,1,25.002621,M.USER.APP.1,6544,2621,321
641,LINK,0,3,1,25.002621,M.USER.APP.1,6556,2621,321
512,LINK,3,1,1,20.002621,M.USER.APP.1,6559.668354999974,2621,321
511,LINK,3,1,1,20.002621,M.USER.APP.1,6561.673596999975,2621,321
642,LINK,4,3,1,25.002621,M.USER.APP.1,6564,2621,322
643,LINK,0,3,1,25.002621,M.USER.APP.1,6576,2621,322
644,LINK,4,3,1,25.002621,M.USER.APP.1,6584,2621,323
514,LINK,3,1,1,20.002621,M.USER.APP.1,6584.670975999974,2621,323
513,LINK,3,1,1,20.002621,M.USER.APP.1,6586.676217999975,2621,323
645,LINK,0,3,1,25.002621,M.USER.APP.1,6596,2621,323
646,LINK,4,3,1,25.002621,M.USER.APP.1,6604,2621,324
516,LINK,3,1,1,20.002621,M.USER.APP.1,6609.673596999974,2621,324
515,LINK,3,1,1,20.002621,M.USER.APP.1,6611.678838999975,2621,323
647,LINK,0,3,1,25.002621,M.USER.APP.1,6616,2621,324
648,LINK,4,3,1,25.002621,M.USER.APP.1,6624,2621,325
518,LINK,3,1,1,20.002621,M.USER.APP.1,6634.676217999973,2621,324
649,LINK,0,3,1,25.002621,M.USER.APP.1,6636,2621,325
517,LINK,3,1,1,20.002621,M.USER.APP.1,6636.681459999974,2621,325
650,LINK,4,3,1,25.002621,M.USER.APP.1,6644,2621,326
651,LINK,0,3,1,25.002621,M.USER.APP.1,6656,2621,326
520,LINK,3,1,1,20.002621,M.USER.APP.1,6659.678838999973,2621,326
519,LINK,3,1,1,20.002621,M.USER.APP.1,6661.684080999974,2621,326
652,LINK,4,3,1,25.002621,M.USER.APP.1,6664,2621,327
653,LINK,0,3,1,25.002621,M.USER.APP.1,6676,2621,327
654,LINK,4,3,1,25.002621,M.USER.APP.1,6684,2621,328
522,LINK,3,1,1,20.002621,M.USER.APP.1,6684.6814599999725,2621,328
521,LINK,3,1,1,20.002621,M.USER.APP.1,6686.686701999974,2621,328
655,LINK,0,3,1,25.002621,M.USER.APP.1,6696,2621,328
656,LINK,4,3,1,25.002621,M.USER.APP.1,6704,2621,329
524,LINK,3,1,1,20.002621,M.USER.APP.1,6709.684080999972,2621,329
523,LINK,3,1,1,20.002621,M.USER.APP.1,6711.689322999973,2621,328
657,LINK,0,3,1,25.002621,M.USER.APP.1,6716,2621,329
658,LINK,4,3,1,25.002621,M.USER.APP.1,6724,2621,330
526,LINK,3,1,1,20.002621,M.USER.APP.1,6734.686701999972,2621,329
659,LINK,0,3,1,25.002621,M.USER.APP.1,6736,2621,330
525,LINK,3,1,1,20.002621,M.USER.APP.1,6736.691943999973,2621,330
660,LINK,4,3,1,25.002621,M.USER.APP.1,6744,2621,331
661,LINK,0,3,1,25.002621,M.USER.APP.1,6756,2621,331
528,LINK,3,1,1,20.002621,M.USER.APP.1,6759.689322999971,2621,331
527,LINK,3,1,1,20.002621,M.USER.APP.1,6761.6945649999725,2621,331
662,LINK,4,3,1,25.002621,M.USER.APP.1,6764,2621,332
663,LINK,0,3,1,25.002621,M.USER.APP.1,6776,2621,332
664,LINK,4,3,1,25.002621,M.USER.APP.1,6784,2621,333
530,LINK,3,1,1,20.002621,M.USER.APP.1,6784.691943999971,2621,333
529,LINK,3,1,1,20.002621,M.USER.APP.1,6786.697185999972,2621,333
665,LINK,0,3,1,25.002621,M.USER.APP.1,6796,2621,333
666,LINK,4,3,1,25.002621,M.USER.APP.1,6804,2621,334
532,LINK,3,1,1,20.002621,M.USER.APP.1,6809.694564999971,2621,334
531,LINK,3,1,1,20.002621,M.USER.APP.1,6811.699806999972,2621,333
667,LINK,0,3,1,25.002621,M.USER.APP.1,6816,2621,334
668,LINK,4,3,1,25.002621,M.USER.APP.1,6824,2621,335
534,LINK,3,1,1,20.002621,M.USER.APP.1,6834.69718599997,2621,334
669,LINK,0,3,1,25.002621,M.USER.APP.1,6836,2621,335
533,LINK,3,1,1,20.002621,M.USER.APP.1,6836.702427999971,2621,335
670,LINK,4,3,1,25.002621,M.USER.APP.1,6844,2621,336
671,LINK,0,3,1,25.002621,M.USER.APP.1,6856,2621,336
536,LINK,3,1,1,20.002621,M.USER.APP.1,6859.69980699997,2621,336
535,LINK,3,1,1,20.002621,M.USER.APP.1,6861.705048999971,2621,336
672,LINK,4,3,1,25.002621,M.USER.APP.1,6864,2621,337
673,LINK,0,3,1,25.002621,M.USER.APP.1,6876,2621,337
674,LINK,4,3,1,25.002621,M.USER.APP.1,6884,2621,338
538,LINK,3,1,1,20.002621,M.USER.APP.1,6884.70242799997,2621,338
537,LINK,3,1,1,20.002621,M.USER.APP.1,6886.707669999971,2621,338
675,LINK,0,3,1,25.002621,M.USER.APP.1,6896,2621,338
676,LINK,4,3,1,25.002621,M.USER.APP.1,6904,2621,339
540,LINK,3,1,1,20.002621,M.USER.APP.1,6909.705048999969,2621,339
539,LINK,3,1,1,20.002621,M.USER.APP.1,6911.71029099997,2621,338
677,LINK,0,3,1,25.002621,M.USER.APP.1,6916,2621,339
678,LINK,4,3,1,25.002621,M.USER.APP.1,6924,2621,340
542,LINK,3,1,1,20.002621,M.USER.APP.1,6934.707669999969,2621,339
679,LINK,0,3,1,25.002621,M.USER.APP.1,6936,2621,340
541,LINK,3,1,1,20.002621,M.USER.APP.1,6936.71291199997,2621,340
680,LINK,4,3,1,25.002621,M.USER.APP.1,6944,2621,341
681,LINK,0,3,1,25.002621,M.USER.APP.1,6956,2621,341
544,LINK,3,1,1,20.002621,M.USER.APP.1,6959.7102909999685,2621,341
543,LINK,3,1,1,20.002621,M.USER.APP.1,6961.71553299997,2621,341
682,LINK,4,3,1,25.002621,M.USER.APP.1,6964,2621,342
683,LINK,0,3,1,25.002621,M.USER.APP.1,6976,2621,342
684,LINK,4,3,1,25.002621,M.USER.APP.1,6984,2621,343
546,LINK,3,1,1,20.002621,M.USER.APP.1,6984.712911999968,2621,343
545,LINK,3,1,1,20.002621,M.USER.APP.1,6986.718153999969,2621,343
685,LINK,0,3,1,25.002621,M.USER.APP.1,6996,2621,343
686,LINK,4,3,1,25.002621,M.USER.APP.1,7004,2621,344
548,LINK,3,1,1,20.002621,M.USER.APP.1,7009.715532999968,2621,344
547,LINK,3,1,1,20.002621,M.USER.APP.1,7011.720774999969,2621,343
687,LINK,0,3,1,25.002621,M.USER.APP.1,7016,2621,344
688,LINK,4,3,1,25.002621,M.USER.APP.1,7024,2621,345
550,LINK,3,1,1,20.002621,M.USER.APP.1,7034.718153999967,2621,344
689,LINK,0,3,1,25.002621,M.USER.APP.1,7036,2621,345
549,LINK,3,1,1,20.002621,M.USER.APP.1,7036.7233959999685,2621,345
690,LINK,4,3,1,25.002621,M.USER.APP.1,7044,2621,346
691,LINK,0,3,1,25.002621,M.USER.APP.1,7056,2621,346
552,LINK,3,1,1,20.002621,M.USER.APP.1,7059.720774999967,2621,346
551,LINK,3,1,1,20.002621,M.USER.APP.1,7061.726016999968,2621,346
692,LINK,4,3,1,25.002621,M.USER.APP.1,7064,2621,347
693,LINK,0,3,1,25.002621,M.USER.APP.1,7076,2621,347
694,LINK,4,3,1,25.002621,M.USER.APP.1,7084,2621,348
554,LINK,3,1,1,20.002621,M.USER.APP.1,7084.723395999967,2621,348
553,LINK,3,1,1,20.002621,M.USER.APP.1,7086.728637999968,2621,348
695,LINK,0,3,1,25.002621,M.USER.APP.1,7096,2621,348
696,LINK,4,3,1,25.002621,M.USER.APP.1,7104,2621,349
556,LINK,3,1,1,20.002621,M.USER.APP.1,7109.726016999966,2621,349
555,LINK,3,1,1,20.002621,M.USER.APP.1,7111.731258999967,2621,348
697,LINK,0,3,1,25.002621,M.USER.APP.1,7116,2621,349
698,LINK,4,3,1,25.002621,M.USER.APP.1,7124,2621,350
558,LINK,3,1,1,20.002621,M.USER.APP.1,7134.728637999966,2621,349
699,LINK,0,3,1,25.002621,M.USER.APP.1,7136,2621,350
557,LINK,3,1,1,20.002621,M.USER.APP.1,7136.733879999967,2621,350
700,LINK,4,3,1,25.002621,M.USER.APP.1,7144,2621,351
701,LINK,0,3,1,25.002621,M.USER.APP.1,7156,2621,351
560,LINK,3,1,1,20.002621,M.USER.APP.1,7159.731258999966,2621,351
559,LINK,3,1,1,20.002621,M.USER.APP.1,7161.736500999967,2621,351
702,LINK,4,3,1,25.002621,M.USER.APP.1,7164,2621,352
703,LINK,0,3,1,25.002621,M.USER.APP.1,7176,2621,352
704,LINK,4,3,1,25.002621,M.USER.APP.1,7184,2621,353
562,LINK,3,1,1,20.002621,M.USER.APP.1,7184.733879999965,2621,353
561,LINK,3,1,1,20.002621,M.USER.APP.1,7186.739121999966,2621,353
705,LINK,0,3,1,25.002621,M.USER.APP.1,7196,2621,353
706,LINK,4,3,1,25.002621,M.USER.APP.1,7204,2621,354
564,LINK,3,1,1,20.002621,M.USER.APP.1,7209.736500999965,2621,354
563,LINK,3,1,1,20.002621,M.USER.APP.1,7211.741742999966,2621,353
707,LINK,0,3,1,25.002621,M.USER.APP.1,7216,2621,354
708,LINK,4,3,1,25.002621,M.USER.APP.1,7224,2621,355
566,LINK,3,1,1,20.002621,M.USER.APP.1,7234.7391219999645,2621,354
709,LINK,0,3,1,25.002621,M.USER.APP.1,7236,2621,355
565,LINK,3,1,1,20.002621,M.USER.APP.1,7236.744363999966,2621,355
710,LINK,4,3,1,25.002621,M.USER.APP.1,7244,2621,356
711,LINK,0,3,1,25.002621,M.USER.APP.1,7256,2621,356
568,LINK,3,1,1,20.002621,M.USER.APP.1,7259.741742999964,2621,356
567,LINK,3,1,1,20.002621,M.USER.APP.1,7261.746984999965,2621,356
712,LINK,4,3,1,25.002621,M.USER.APP.1,7264,2621,357
713,LINK,0,3,1,25.002621,M.USER.APP.1,7276,2621,357
714,LINK,4,3,1,25.002621,M.USER.APP.1,7284,2621,358
570,LINK,3,1,1,20.002621,M.USER.APP.1,7284.744363999964,2621,358
569,LINK,3,1,1,20.002621,M.USER.APP.1,7286.749605999965,2621,358
715,LINK,0,3,1,25.002621,M.USER.APP.1,7296,2621,358
716,LINK,4,3,1,25.002621,M.USER.APP.1,7304,2621,359
572,LINK,3,1,1,20.002621,M.USER.APP.1,7309.746984999963,2621,359
571,LINK,3,1,1,20.002621,M.USER.APP.1,7311.7522269999645,2621,358
717,LINK,0,3,1,25.002621,M.USER.APP.1,7316,2621,359
718,LINK,4,3,1,25.002621,M.USER.APP.1,7324,2621,360
574,LINK,3,1,1,20.002621,M.USER.APP.1,7334.749605999963,2621,359
719,LINK,0,3,1,25.002621,M.USER.APP.1,7336,2621,360
573,LINK,3,1,1,20.002621,M.USER.APP.1,7336.754847999964,2621,360
720,LINK,4,3,1,25.002621,M.USER.APP.1,7344,2621,361
721,LINK,0,3,1,25.002621,M.USER.APP.1,7356,2621,361
576,LINK,3,1,1,20.002621,M.USER.APP.1,7359.752226999963,2621,361
575,LINK,3,1,1,20.002621,M.USER.APP.1,7361.757468999964,2621,361
722,LINK,4,3,1,25.002621,M.USER.APP.1,7364,2621,362
723,LINK,0,3,1,25.002621,M.USER.APP.1,7376,2621,362
724,LINK,4,3,1,25.002621,M.USER.APP.1,7384,2621,363
578,LINK,3,1,1,20.002621,M.USER.APP.1,7384.754847999962,2621,363
577,LINK,3,1,1,20.002621,M.USER.APP.1,7386.760089999963,2621,363
725,LINK,0,3,1,25.002621,M.USER.APP.1,7396,2621,363
726,LINK,4,3,1,25.002621,M.USER.APP.1,7404,2621,364
580,LINK,3,1,1,20.002621,M.USER.APP.1,7409.757468999962,2621,364
579,LINK,3,1,1,20.002621,M.USER.APP.1,7411.762710999963,2621,363
727,LINK,0,3,1,25.002621,M.USER.APP.1,7416,2621,364
728,LINK,4,3,1,25.002621,M.USER.APP.1,7424,2621,365
582,LINK,3,1,1,20.002621,M.USER.APP.1,7434.760089999962,2621,364
729,LINK,0,3,1,25.002621,M.USER.APP.1,7436,2621,365
581,LINK,3,1,1,20.002621,M.USER.APP.1,7436.765331999963,2621,365
730,LINK,4,3,1,25.002621,M.USER.APP.1,7444,2621,366
731,LINK,0,3,1,25.002621,M.USER.APP.1,7456,2621,366
584,LINK,3,1,1,20.002621,M.USER.APP.1,7459.762710999961,2621,366
583,LINK,3,1,1,20.002621,M.USER.APP.1,7461.767952999962,2621,366
732,LINK,4,3,1,25.002621,M.USER.APP.1,7464,2621,367
733,LINK,0,3,1,25.002621,M.USER.APP.1,7476,2621,367
734,LINK,4,3,1,25.002621,M.USER.APP.1,7484,2621,368
586,LINK,3,1,1,20.002621,M.USER.APP.1,7484.765331999961,2621,368
585,LINK,3,1,1,20.002621,M.USER.APP.1,7486.770573999962,2621,368
735,LINK,0,3,1,25.002621,M.USER.APP.1,7496,2621,368
736,LINK,4,3,1,25.002621,M.USER.APP.1,7504,2621,369
588,LINK,3,1,1,20.002621,M.USER.APP.1,7509.7679529999605,2621,369
587,LINK,3,1,1,20.002621,M.USER.APP.1,7511.773194999962,2621,368
737,LINK,0,3,1,25.002621,M.USER.APP.1,7516,2621,369
738,LINK,4,3,1,25.002621,M.USER.APP.1,7524,2621,370
590,LINK,3,1,1,20.002621,M.USER.APP.1,7534.77057399996,2621,369
739,LINK,0,3,1,25.002621,M.USER.APP.1,7536,2621,370
589,LINK,3,1,1,20.002621,M.USER.APP.1,7536.775815999961,2621,370
740,LINK,4,3,1,25.002621,M.USER.APP.1,7544,2621,371
741,LINK,0,3,1,25.002621,M.USER.APP.1,7556,2621,371
592,LINK,3,1,1,20.002621,M.USER.APP.1,7559.77319499996,2621,371
591,LINK,3,1,1,20.002621,M.USER.APP.1,7561.778436999961,2621,371
742,LINK,4,3,1,25.002621,M.USER.APP.1,7564,2621,372
743,LINK,0,3,1,25.002621,M.USER.APP.1,7576,2621,372
744,LINK,4,3,1,25.002621,M.USER.APP.1,7584,2621,373
594,LINK,3,1,1,20.002621,M.USER.APP.1,7584.775815999959,2621,373
593,LINK,3,1,1,20.002621,M.USER.APP.1,7586.7810579999605,2621,373
745,LINK,0,3,1,25.002621,M.USER.APP.1,7596,2621,373
746,LINK,4,3,1,25.002621,M.USER.APP.1,7604,2621,374
596,LINK,3,1,1,20.002621,M.USER.APP.1,7609.778436999959,2621,374
595,LINK,3,1,1,20.002621,M.USER.APP.1,7611.78367899996,2621,373
747,LINK,0,3,1,25.002621,M.USER.APP.1,7616,2621,374
748,LINK,4,3,1,25.002621,M.USER.APP.1,7624,2621,375
598,LINK,3,1,1,20.002621,M.USER.APP.1,7634.781057999959,2621,374
749,LINK,0,3,1,25.002621,M.USER.APP.1,7636,2621,375
597,LINK,3,1,1,20.002621,M.USER.APP.1,7636.78629999996,2621,375
750,LINK,4,3,1,25.002621,M.USER.APP.1,7644,2621,376
751,LINK,0,3,1,25.002621,M.USER.APP.1,7656,2621,376
600,LINK,3,1,1,20.002621,M.USER.APP.1,7659.783678999958,2621,376
599,LINK,3,1,1,20.002621,M.USER.APP.1,7661.788920999959,2621,376
752,LINK,4,3,1,25.002621,M.USER.APP.1,7664,2621,377
753,LINK,0,3,1,25.002621,M.USER.APP.1,7676,2621,377
754,LINK,4,3,1,25.002621,M.USER.APP.1,7684,2621,378
602,LINK,3,1,1,20.002621,M.USER.APP.1,7684.786299999958,2621,378
601,LINK,3,1,1,20.002621,M.USER.APP.1,7686.791541999959,2621,378
755,LINK,0,3,1,25.002621,M.USER.APP.1,7696,2621,378
756,LINK,4,3,1,25.002621,M.USER.APP.1,7704,2621,379
604,LINK,3,1,1,20.002621,M.USER.APP.1,7709.788920999958,2621,379
603,LINK,3,1,1,20.002621,M.USER.APP.1,7711.794162999959,2621,378
757,LINK,0,3,1,25.002621,M.USER.APP.1,7716,2621,379
758,LINK,4,3,1,25.002621,M.USER.APP.1,7724,2621,380
606,LINK,3,1,1,20.002621,M.USER.APP.1,7734.791541999957,2621,379
759,LINK,0,3,1,25.002621,M.USER.APP.1,7736,2621,380
605,LINK,3,1,1,20.002621,M.USER.APP.1,7736.796783999958,2621,380
760,LINK,4,3,1,25.002621,M.USER.APP.1,7744,2621,381
761,LINK,0,3,1,25.002621,M.USER.APP.1,7756,2621,381
608,LINK,3,1,1,20.002621,M.USER.APP.1,7759.794162999957,2621,381
607,LINK,3,1,1,20.002621,M.USER.APP.1,7761.799404999958,2621,381
762,LINK,4,3,1,25.002621,M.USER.APP.1,7764,2621,382
763,LINK,0,3,1,25.002621,M.USER.APP.1,7776,2621,382
764,LINK,4,3,1,25.002621,M.USER.APP.1,7784,2621,383
610,LINK,3,1,1,20.002621,M.USER.APP.1,7784.7967839999565,2621,383
609,LINK,3,1,1,20.002621,M.USER.APP.1,7786.802025999958,2621,383
765,LINK,0,3,1,25.002621,M.USER.APP.1,7796,2621,383
766,LINK,4,3,1,25.002621,M.USER.APP.1,7804,2621,384
612,LINK,3,1,1,20.002621,M.USER.APP.1,7809.799404999956,2621,384
611,LINK,3,1,1,20.002621,M.USER.APP.1,7811.804646999957,2621,383
767,LINK,0,3,1,25.002621,M.USER.APP.1,7816,2621,384
768,LINK,4,3,1,25.002621,M.USER.APP.1,7824,2621,385
614,LINK,3,1,1,20.002621,M.USER.APP.1,7834.802025999956,2621,384
769,LINK,0,3,1,25.002621,M.USER.APP.1,7836,2621,385
613,LINK,3,1,1,20.002621,M.USER.APP.1,7836.807267999957,2621,385
770,LINK,4,3,1,25.002621,M.USER.APP.1,7844,2621,386
771,LINK,0,3,1,25.002621,M.USER.APP.1,7856,2621,386
616,LINK,3,1,1,20.002621,M.USER.APP.1,7859.804646999955,2621,386
615,LINK,3,1,1,20.002621,M.USER.APP.1,7861.8098889999565,2621,386
772,LINK,4,3,1,25.002621,M.USER.APP.1,7864,2621,387
773,LINK,0,3,1,25.002621,M.USER.APP.1,7876,2621,387
774,LINK,4,3,1,25.002621,M.USER.APP.1,7884,2621,388
618,LINK,3,1,1,20.002621,M.USER.APP.1,7884.807267999955,2621,388
617,LINK,3,1,1,20.002621,M.USER.APP.1,7886.812509999956,2621,388
775,LINK,0,3,1,25.002621,M.USER.APP.1,7896,2621,388
776,LINK,4,3,1,25.002621,M.USER.APP.1,7904,2621,389
620,LINK,3,1,1,20.002621,M.USER.APP.1,7909.809888999955,2621,389
619,LINK,3,1,1,20.002621,M.USER.APP.1,7911.815130999956,2621,388
777,LINK,0,3,1,25.002621,M.USER.APP.1,7916,2621,389
778,LINK,4,3,1,25.002621,M.USER.APP.1,7924,2621,390
622,LINK,3,1,1,20.002621,M.USER.APP.1,7934.812509999954,2621,389
779,LINK,0,3,1,25.002621,M.USER.APP.1,7936,2621,390
621,LINK,3,1,1,20.002621,M.USER.APP.1,7936.817751999955,2621,390
780,LINK,4,3,1,25.002621,M.USER.APP.1,7944,2621,391
781,LINK,0,3,1,25.002621,M.USER.APP.1,7956,2621,391
624,LINK,3,1,1,20.002621,M.USER.APP.1,7959.815130999954,2621,391
623,LINK,3,1,1,20.002621,M.USER.APP.1,7961.820372999955,2621,391
782,LINK,4,3,1,25.002621,M.USER.APP.1,7964,2621,392
783,LINK,0,3,1,25.002621,M.USER.APP.1,7976,2621,392
784,LINK,4,3,1,25.002621,M.USER.APP.1,7984,2621,393
626,LINK,3,1,1,20.002621,M.USER.APP.1,7984.8177519999535,2621,393
625,LINK,3,1,1,20.002621,M.USER.APP.1,7986.822993999955,2621,393
785,LINK,0,3,1,25.002621,M.USER.APP.1,7996,2621,393
786,LINK,4,3,1,25.002621,M.USER.APP.1,8004,2621,394
628,LINK,3,1,1,20.002621,M.USER.APP.1,8009.820372999953,2621,394
627,LINK,3,1,1,20.002621,M.USER.APP.1,8011.825614999954,2621,393
787,LINK,0,3,1,25.002621,M.USER.APP.1,8016,2621,394
788,LINK,4,3,1,25.002621,M.USER.APP.1,8024,2621,395
630,LINK,3,1,1,20.002621,M.USER.APP.1,8034.822993999953,2621,394
789,LINK,0,3,1,25.002621,M.USER.APP.1,8036,2621,395
629,LINK,3,1,1,20.002621,M.USER.APP.1,8036.828235999954,2621,395
790,LINK,4,3,1,25.002621,M.USER.APP.1,8044,2621,396
791,LINK,0,3,1,25.002621,M.USER.APP.1,8056,2621,396
632,LINK,3,1,1,20.002621,M.USER.APP.1,8059.825614999952,2621,396
631,LINK,3,1,1,20.002621,M.USER.APP.1,8061.8308569999535,2621,396
792,LINK,4,3,1,25.002621,M.USER.APP.1,8064,2621,397
793,LINK,0,3,1,25.002621,M.USER.APP.1,8076,2621,397
794,LINK,4,3,1,25.002621,M.USER.APP.1,8084,2621,398
634,LINK,3,1,1,20.002621,M.USER.APP.1,8084.828235999952,2621,398
633,LINK,3,1,1,20.002621,M.USER.APP.1,8086.833477999953,2621,398
795,LINK,0,3,1,25.002621,M.USER.APP.1,8096,2621,398
796,LINK,4,3,1,25.002621,M.USER.APP.1,8104,2621,399
636,LINK,3,1,1,20.002621,M.USER.APP.1,8109.830856999952,2621,399
635,LINK,3,1,1,20.002621,M.USER.APP.1,8111.836098999953,2621,398
797,LINK,0,3,1,25.002621,M.USER.APP.1,8116,2621,399
798,LINK,4,3,1,25.002621,M.USER.APP.1,8124,2621,400
638,LINK,3,1,1,20.002621,M.USER.APP.1,8134.833477999951,2621,399
799,LINK,0,3,1,25.002621,M.USER.APP.1,8136,2621,400
637,LINK,3,1,1,20.002621,M.USER.APP.1,8136.838719999952,2621,400
800,LINK,4,3,1,25.002621,M.USER.APP.1,8144,2621,401
801,LINK,0,3,1,25.002621,M.USER.APP.1,8156,2621,401
640,LINK,3,1,1,20.002621,M.USER.APP.1,8159.836098999951,2621,401
639,LINK,3,1,1,20.002621,M.USER.APP.1,8161.841340999952,2621,401
802,LINK,4,3,1,25.002621,M.USER.APP.1,8164,2621,402
803,LINK,0,3,1,25.002621,M.USER.APP.1,8176,2621,402
804,LINK,4,3,1,25.002621,M.USER.APP.1,8184,2621,403
642,LINK,3,1,1,20.002621,M.USER.APP.1,8184.838719999951,2621,403
641,LINK,3,1,1,20.002621,M.USER.APP.1,8186.843961999952,2621,403
805,LINK,0,3,1,25.002621,M.USER.APP.1,8196,2621,403
806,LINK,4,3,1,25.002621,M.USER.APP.1,8204,2621,404
644,LINK,3,1,1,20.002621,M.USER.APP.1,8209.84134099995,2621,404
643,LINK,3,1,1,20.002621,M.USER.APP.1,8211.846582999951,2621,403
807,LINK,0,3,1,25.002621,M.USER.APP.1,8216,2621,404
808,LINK,4,3,1,25.002621,M.USER.APP.1,8224,2621,405
646,LINK,3,1,1,20.002621,M.USER.APP.1,8234.84396199995,2621,404
809,LINK,0,3,1,25.002621,M.USER.APP.1,8236,2621,405
645,LINK,3,1,1,20.002621,M.USER.APP.1,8236.849203999951,2621,405
810,LINK,4,3,1,25.002621,M.USER.APP.1,8244,2621,406
811,LINK,0,3,1,25.002621,M.USER.APP.1,8256,2621,406
648,LINK,3,1,1,20.002621,M.USER.APP.1,8259.84658299995,2621,406
647,LINK,3,1,1,20.002621,M.USER.APP.1,8261.85182499995,2621,406
812,LINK,4,3,1,25.002621,M.USER.APP.1,8264,2621,407
813,LINK,0,3,1,25.002621,M.USER.APP.1,8276,2621,407
814,LINK,4,3,1,25.002621,M.USER.APP.1,8284,2621,408
650,LINK,3,1,1,20.002621,M.USER.APP.1,8284.84920399995,2621,408
649,LINK,3,1,1,20.002621,M.USER.APP.1,8286.85444599995,2621,408
815,LINK,0,3,1,25.002621,M.USER.APP.1,8296,2621,408
816,LINK,4,3,1,25.002621,M.USER.APP.1,8304,2621,409
652,LINK,3,1,1,20.002621,M.USER.APP.1,8309.851824999949,2621,409
651,LINK,3,1,1,20.002621,M.USER.APP.1,8311.85706699995,2621,408
817,LINK,0,3,1,25.002621,M.USER.APP.1,8316,2621,409
818,LINK,4,3,1,25.002621,M.USER.APP.1,8324,2621,410
654,LINK,3,1,1,20.002621,M.USER.APP.1,8334.854445999948,2621,409
819,LINK,0,3,1,25.002621,M.USER.APP.1,8336,2621,410
653,LINK,3,1,1,20.002621,M.USER.APP.1,8336.85968799995,2621,410
820,LINK,4,3,1,25.002621,M.USER.APP.1,8344,2621,411
821,LINK,0,3,1,25.002621,M.USER.APP.1,8356,2621,411
656,LINK,3,1,1,20.002621,M.USER.APP.1,8359.857066999948,2621,411
655,LINK,3,1,1,20.002621,M.USER.APP.1,8361.86230899995,2621,411
822,LINK,4,3,1,25.002621,M.USER.APP.1,8364,2621,412
823,LINK,0,3,1,25.002621,M.USER.APP.1,8376,2621,412
824,LINK,4,3,1,25.002621,M.USER.APP.1,8384,2621,413
658,LINK,3,1,1,20.002621,M.USER.APP.1,8384.859687999948,2621,413
657,LINK,3,1,1,20.002621,M.USER.APP.1,8386.864929999949,2621,413
825,LINK,0,3,1,25.002621,M.USER.APP.1,8396,2621,413
826,LINK,4,3,1,25.002621,M.USER.APP.1,8404,2621,414
660,LINK,3,1,1,20.002621,M.USER.APP.1,8409.862308999947,2621,414
659,LINK,3,1,1,20.002621,M.USER.APP.1,8411.867550999948,2621,413
827,LINK,0,3,1,25.002621,M.USER.APP.1,8416,2621,414
828,LINK,4,3,1,25.002621,M.USER.APP.1,8424,2621,415
662,LINK,3,1,1,20.002621,M.USER.APP.1,8434.864929999947,2621,414
829,LINK,0,3,1,25.002621,M.USER.APP.1,8436,2621,415
661,LINK,3,1,1,20.002621,M.USER.APP.1,8436.870171999948,2621,415
830,LINK,4,3,1,25.002621,M.USER.APP.1,8444,2621,416
831,LINK,0,3,1,25.002621,M.USER.APP.1,8456,2621,416
664,LINK,3,1,1,20.002621,M.USER.APP.1,8459.867550999947,2621,416
663,LINK,3,1,1,20.002621,M.USER.APP.1,8461.872792999948,2621,416
832,LINK,4,3,1,25.002621,M.USER.APP.1,8464,2621,417
833,LINK,0,3,1,25.002621,M.USER.APP.1,8476,2621,417
834,LINK,4,3,1,25.002621,M.USER.APP.1,8484,2621,418
666,LINK,3,1,1,20.002621,M.USER.APP.1,8484.870171999946,2621,418
665,LINK,3,1,1,20.002621,M.USER.APP.1,8486.875413999947,2621,418
835,LINK,0,3,1,25.002621,M.USER.APP.1,8496,2621,418
836,LINK,4,3,1,25.002621,M.USER.APP.1,8504,2621,419
668,LINK,3,1,1,20.002621,M.USER.APP.1,8509.872792999946,2621,419
667,LINK,3,1,1,20.002621,M.USER.APP.1,8511.878034999947,2621,418
837,LINK,0,3,1,25.002621,M.USER.APP.1,8516,2621,419
838,LINK,4,3,1,25.002621,M.USER.APP.1,8524,2621,420
670,LINK,3,1,1,20.002621,M.USER.APP.1,8534.875413999946,2621,419
839,LINK,0,3,1,25.002621,M.USER.APP.1,8536,2621,420
669,LINK,3,1,1,20.002621,M.USER.APP.1,8536.880655999947,2621,420
840,LINK,4,3,1,25.002621,M.USER.APP.1,8544,2621,421
841,LINK,0,3,1,25.002621,M.USER.APP.1,8556,2621,421
672,LINK,3,1,1,20.002621,M.USER.APP.1,8559.878034999945,2621,421
671,LINK,3,1,1,20.002621,M.USER.APP.1,8561.883276999946,2621,421
842,LINK,4,3,1,25.002621,M.USER.APP.1,8564,2621,422
843,LINK,0,3,1,25.002621,M.USER.APP.1,8576,2621,422
844,LINK,4,3,1,25.002621,M.USER.APP.1,8584,2621,423
674,LINK,3,1,1,20.002621,M.USER.APP.1,8584.880655999945,2621,423
673,LINK,3,1,1,20.002621,M.USER.APP.1,8586.885897999946,2621,423
845,LINK,0,3,1,25.002621,M.USER.APP.1,8596,2621,423
846,LINK,4,3,1,25.002621,M.USER.APP.1,8604,2621,424
676,LINK,3,1,1,20.002621,M.USER.APP.1,8609.883276999944,2621,424
675,LINK,3,1,1,20.002621,M.USER.APP.1,8611.888518999946,2621,423
847,LINK,0,3,1,25.002621,M.USER.APP.1,8616,2621,424
848,LINK,4,3,1,25.002621,M.USER.APP.1,8624,2621,425
678,LINK,3,1,1,20.002621,M.USER.APP.1,8634.885897999944,2621,424
849,LINK,0,3,1,25.002621,M.USER.APP.1,8636,2621,425
677,LINK,3,1,1,20.002621,M.USER.APP.1,8636.891139999945,2621,425
850,LINK,4,3,1,25.002621,M.USER.APP.1,8644,2621,426
851,LINK,0,3,1,25.002621,M.USER.APP.1,8656,2621,426
680,LINK,3,1,1,20.002621,M.USER.APP.1,8659.888518999944,2621,426
679,LINK,3,1,1,20.002621,M.USER.APP.1,8661.893760999945,2621,426
852,LINK,4,3,1,25.002621,M.USER.APP.1,8664,2621,427
853,LINK,0,3,1,25.002621,M.USER.APP.1,8676,2621,427
854,LINK,4,3,1,25.002621,M.USER.APP.1,8684,2621,428
682,LINK,3,1,1,20.002621,M.USER.APP.1,8684.891139999943,2621,428
681,LINK,3,1,1,20.002621,M.USER.APP.1,8686.896381999944,2621,428
855,LINK,0,3,1,25.002621,M.USER.APP.1,8696,2621,428
856,LINK,4,3,1,25.002621,M.USER.APP.1,8704,2621,429
684,LINK,3,1,1,20.002621,M.USER.APP.1,8709.893760999943,2621,429
683,LINK,3,1,1,20.002621,M.USER.APP.1,8711.899002999944,2621,428
857,LINK,0,3,1,25.002621,M.USER.APP.1,8716,2621,429
858,LINK,4,3,1,25.002621,M.USER.APP.1,8724,2621,430
686,LINK,3,1,1,20.002621,M.USER.APP.1,8734.896381999943,2621,429
859,LINK,0,3,1,25.002621,M.USER.APP.1,8736,2621,430
685,LINK,3,1,1,20.002621,M.USER.APP.1,8736.901623999944,2621,430
860,LINK,4,3,1,25.002621,M.USER.APP.1,8744,2621,431
861,LINK,0,3,1,25.002621,M.USER.APP.1,8756,2621,431
688,LINK,3,1,1,20.002621,M.USER.APP.1,8759.899002999942,2621,431
687,LINK,3,1,1,20.002621,M.USER.APP.1,8761.904244999943,2621,431
862,LINK,4,3,1,25.002621,M.USER.APP.1,8764,2621,432
863,LINK,0,3,1,25.002621,M.USER.APP.1,8776,2621,432
864,LINK,4,3,1,25.002621,M.USER.APP.1,8784,2621,433
690,LINK,3,1,1,20.002621,M.USER.APP.1,8784.901623999942,2621,433
689,LINK,3,1,1,20.002621,M.USER.APP.1,8786.906865999943,2621,433
865,LINK,0,3,1,25.002621,M.USER.APP.1,8796,2621,433
866,LINK,4,3,1,25.002621,M.USER.APP.1,8804,2621,434
692,LINK,3,1,1,20.002621,M.USER.APP.1,8809.904244999942,2621,434
691,LINK,3,1,1,20.002621,M.USER.APP.1,8811.909486999943,2621,433
867,LINK,0,3,1,25.002621,M.USER.APP.1,8816,2621,434
868,LINK,4,3,1,25.002621,M.USER.APP.1,8824,2621,435
694,LINK,3,1,1,20.002621,M.USER.APP.1,8834.906865999941,2621,434
869,LINK,0,3,1,25.002621,M.USER.APP.1,8836,2621,435
693,LINK,3,1,1,20.002621,M.USER.APP.1,8836.912107999942,2621,435
870,LINK,4,3,1,25.002621,M.USER.APP.1,8844,2621,436
871,LINK,0,3,1,25.002621,M.USER.APP.1,8856,2621,436
696,LINK,3,1,1,20.002621,M.USER.APP.1,8859.90948699994,2621,436
695,LINK,3,1,1,20.002621,M.USER.APP.1,8861.914728999942,2621,436
872,LINK,4,3,1,25.002621,M.USER.APP.1,8864,2621,437
873,LINK,0,3,1,25.002621,M.USER.APP.1,8876,2621,437
874,LINK,4,3,1,25.002621,M.USER.APP.1,8884,2621,438
698,LINK,3,1,1,20.002621,M.USER.APP.1,8884.91210799994,2621,438
697,LINK,3,1,1,20.002621,M.USER.APP.1,8886.917349999942,2621,438
875,LINK,0,3,1,25.002621,M.USER.APP.1,8896,2621,438
876,LINK,4,3,1,25.002621,M.USER.APP.1,8904,2621,439
700,LINK,3,1,1,20.002621,M.USER.APP.1,8909.91472899994,2621,439
699,LINK,3,1,1,20.002621,M.USER.APP.1,8911.919970999941,2621,438
877,LINK,0,3,1,25.002621,M.USER.APP.1,8916,2621,439
878,LINK,4,3,1,25.002621,M.USER.APP.1,8924,2621,440
702,LINK,3,1,1,20.002621,M.USER.APP.1,8934.91734999994,2621,439
879,LINK,0,3,1,25.002621,M.USER.APP.1,8936,2621,440
701,LINK,3,1,1,20.002621,M.USER.APP.1,8936.92259199994,2621,440
880,LINK,4,3,1,25.002621,M.USER.APP.1,8944,2621,441
881,LINK,0,3,1,25.002621,M.USER.APP.1,8956,2621,441
704,LINK,3,1,1,20.002621,M.USER.APP.1,8959.91997099994,2621,441
703,LINK,3,1,1,20.002621,M.USER.APP.1,8961.92521299994,2621,441
882,LINK,4,3,1,25.002621,M.USER.APP.1,8964,2621,442
883,LINK,0,3,1,25.002621,M.USER.APP.1,8976,2621,442
884,LINK,4,3,1,25.002621,M.USER.APP.1,8984,2621,443
706,LINK,3,1,1,20.002621,M.USER.APP.1,8984.922591999939,2621,443
705,LINK,3,1,1,20.002621,M.USER.APP.1,8986.92783399994,2621,443
885,LINK,0,3,1,25.002621,M.USER.APP.1,8996,2621,443
886,LINK,4,3,1,25.002621,M.USER.APP.1,9004,2621,444
708,LINK,3,1,1,20.002621,M.USER.APP.1,9009.925212999939,2621,444
707,LINK,3,1,1,20.002621,M.USER.APP.1,9011.93045499994,2621,443
887,LINK,0,3,1,25.002621,M.USER.APP.1,9016,2621,444
888,LINK,4,3,1,25.002621,M.USER.APP.1,9024,2621,445
710,LINK,3,1,1,20.002621,M.USER.APP.1,9034.927833999938,2621,444
889,LINK,0,3,1,25.002621,M.USER.APP.1,9036,2621,445
709,LINK,3,1,1,20.002621,M.USER.APP.1,9036.93307599994,2621,445
890,LINK,4,3,1,25.002621,M.USER.APP.1,9044,2621,446
891,LINK,0,3,1,25.002621,M.USER.APP.1,9056,2621,446
712,LINK,3,1,1,20.002621,M.USER.APP.1,9059.930454999938,2621,446
711,LINK,3,1,1,20.002621,M.USER.APP.1,9061.935696999939,2621,446
892,LINK,4,3,1,25.002621,M.USER.APP.1,9064,2621,447
893,LINK,0,3,1,25.002621,M.USER.APP.1,9076,2621,447
894,LINK,4,3,1,25.002621,M.USER.APP.1,9084,2621,448
714,LINK,3,1,1,20.002621,M.USER.APP.1,9084.933075999938,2621,448
713,LINK,3,1,1,20.002621,M.USER.APP.1,9086.938317999939,2621,448
895,LINK,0,3,1,25.002621,M.USER.APP.1,9096,2621,448
896,LINK,4,3,1,25.002621,M.USER.APP.1,9104,2621,449
716,LINK,3,1,1,20.002621,M.USER.APP.1,9109.935696999937,2621,449
715,LINK,3,1,1,20.002621,M.USER.APP.1,9111.940938999938,2621,448
897,LINK,0,3,1,25.002621,M.USER.APP.1,9116,2621,449
898,LINK,4,3,1,25.002621,M.USER.APP.1,9124,2621,450
718,LINK,3,1,1,20.002621,M.USER.APP.1,9134.938317999937,2621,449
899,LINK,0,3,1,25.002621,M.USER.APP.1,9136,2621,450
717,LINK,3,1,1,20.002621,M.USER.APP.1,9136.943559999938,2621,450
900,LINK,4,3,1,25.002621,M.USER.APP.1,9144,2621,451
901,LINK,0,3,1,25.002621,M.USER.APP.1,9156,2621,451
720,LINK,3,1,1,20.002621,M.USER.APP.1,9159.940938999936,2621,451
719,LINK,3,1,1,20.002621,M.USER.APP.1,9161.946180999937,2621,451
902,LINK,4,3,1,25.002621,M.USER.APP.1,9164,2621,452
903,LINK,0,3,1,25.002621,M.USER.APP.1,9176,2621,452
904,LINK,4,3,1,25.002621,M.USER.APP.1,9184,2621,453
722,LINK,3,1,1,20.002621,M.USER.APP.1,9184.943559999936,2621,453
721,LINK,3,1,1,20.002621,M.USER.APP.1,9186.948801999937,2621,453
905,LINK,0,3,1,25.002621,M.USER.APP.1,9196,2621,453
